duplicated_lines_density,functions,security_remediation_effort,sqale_rating,duplicated_files,line_coverage,violations,critical_violations,info_violations,uncovered_lines,complexity,minor_violations,duplicated_lines,security_hotspots_reviewed,sqale_index,bugs,ncloc,reliability_remediation_effort,false_positive_issues,reopened_issues,reliability_rating,sqale_debt_ratio,comment_lines_density,security_hotspots,security_review_rating,cognitive_complexity,duplicated_blocks,open_issues,blocker_violations,major_violations,development_cost,security_rating,effort_to_reach_maintainability_rating_a,comment_lines,confirmed_issues,files,wont_fix_issues,classes,statements,lines_to_cover,security_hotspots_reviewed_status,lines,coverage,code_smells,security_hotspots_to_review_status,vulnerabilities,file_complexity,HIGH_reliability_issues,MEDIUM_reliability_issues,LOW_reliability_issues,HIGH_maintainability_issues,MEDIUM_maintainability_issues,LOW_maintainability_issues,HIGH_security_issues,MEDIUM_security_issues,LOW_security_issues,GitHub Repo
2.7,76,0,1.0,2,0.0,26,11,0,1361,323,5,73,0.0,201,0,1780,0,0,0,1.0,0.4,20.3,1,5.0,447,4,26,0,10,53400,1.0,0,453,0,14,0,16,1389,1361,0,2685,0.0,26,1,0,23.1,0,2,0,11,10,5,0,0,2,https://github.com/adobe/antialiased-cnns.git
9.6,326,0,1.0,9,0.0,115,14,1,4233,758,76,766,0.0,524,4,5228,25,0,0,3.0,0.3,22.6,8,5.0,743,30,115,0,24,156840,1.0,0,1524,0,58,0,73,4326,4233,0,7962,0.0,111,8,0,13.1,0,4,0,14,20,77,0,0,0,https://github.com/aiqm/torchani.git
72.6,623,0,1.0,87,0.0,39,11,0,5332,1360,1,7711,100.0,218,0,6980,0,0,0,1.0,0.1,19.8,0,1.0,1113,289,39,0,27,209400,1.0,0,1725,0,120,0,128,5711,5332,0,10614,0.0,39,0,0,11.3,0,0,0,11,27,1,0,0,0,https://github.com/aisolab/nlp_classification.git
3.5,1425,0,1.0,9,0.0,289,14,0,9459,2569,11,886,0.0,1531,7,17395,39,0,0,3.0,0.3,19.2,84,5.0,1574,75,289,0,264,521850,1.0,0,4124,0,66,0,239,9694,9459,0,25205,0.0,282,84,0,38.9,2,232,0,16,255,11,0,0,225,https://github.com/albumentations-team/albumentations.git
40.9,12679,65,1.0,56,0.0,2419,1200,37,86483,27696,521,86378,0.0,24597,19,149577,137,0,0,5.0,0.5,18.7,47,5.0,22606,2782,2419,23,638,4487310,4.0,0,34441,0,357,0,1788,89084,86483,0,210950,0.0,2397,47,3,78.2,31,37,0,1217,623,555,3,0,21,https://github.com/allegroai/trains.git
2.9,3733,0,1.0,54,0.0,704,232,33,36011,7947,94,2637,0.0,4253,191,57781,930,0,0,5.0,0.2,26.1,61,5.0,6781,156,704,4,341,1733430,1.0,0,20355,0,602,0,909,37169,36011,0,90491,0.0,513,61,0,13.2,17,215,0,222,168,123,0,0,38,https://github.com/allenai/allennlp.git
4.2,49,0,1.0,2,0.0,40,6,1,906,229,13,79,0.0,266,0,1236,0,0,0,1.0,0.7,23.6,1,5.0,377,4,40,0,20,37080,1.0,0,381,0,23,0,7,932,906,0,1899,0.0,40,1,0,10.0,0,4,0,6,20,14,0,0,4,https://github.com/allenai/scibert.git
4.2,362,30,1.0,2,0.0,121,16,4,2886,769,41,256,0.0,706,6,4760,22,0,0,5.0,0.5,6.9,19,5.0,579,2,121,9,51,142800,3.0,0,355,0,33,0,63,2945,2886,0,6135,0.0,114,19,1,23.3,6,4,1,23,47,44,0,1,3,https://github.com/alvinwan/neural-backed-decision-trees.git
5.0,487,0,1.0,12,0.0,155,54,7,6106,1589,24,652,0.0,1331,3,9040,13,0,0,5.0,0.5,18.3,10,5.0,1987,27,155,4,66,271200,1.0,0,2022,0,43,0,64,6366,6106,0,13090,0.0,152,10,0,37.0,9,7,0,57,64,31,0,0,5,https://github.com/amansrivastava17/embedding-as-service.git
2.3,725,0,1.0,12,0.0,369,19,8,7003,1436,284,362,0.0,1084,21,8851,167,0,0,5.0,0.4,30.6,11,5.0,1130,21,369,11,47,265530,1.0,0,3898,0,111,0,118,7293,7003,0,15699,0.0,348,11,0,12.9,11,14,4,19,48,281,0,0,8,https://github.com/amzn/xfer.git
3.5,413,0,1.0,8,0.0,111,19,3,3150,934,21,221,0.0,691,0,4261,0,0,0,1.0,0.5,17.6,2,5.0,983,13,111,0,68,127830,1.0,0,913,0,32,0,49,3200,3150,0,6270,0.0,111,2,0,29.2,0,22,0,19,68,24,0,0,22,https://github.com/arogozhnikov/einops.git
3.9,1424,0,1.0,39,0.0,767,132,30,18222,4949,27,1934,0.0,7620,15,32802,100,0,0,5.0,0.8,25.7,4,5.0,6648,96,767,2,576,984060,1.0,0,11328,0,256,0,88,19285,18222,0,49828,0.0,752,4,0,19.3,12,394,2,136,561,55,0,0,388,https://github.com/arviz-devs/arviz.git
1.4,161,0,1.0,3,0.0,119,25,0,2611,578,54,66,0.0,749,0,3545,0,0,0,1.0,0.7,13.7,12,5.0,642,4,119,0,40,106350,1.0,0,563,0,30,0,20,2662,2611,0,4666,0.0,119,12,0,19.3,0,5,0,26,39,54,0,0,4,https://github.com/asappresearch/sru.git
1.0,240,0,1.0,1,0.0,87,2,4,2283,496,25,38,100.0,363,5,2994,25,0,0,3.0,0.4,7.2,0,1.0,423,2,87,0,56,89820,1.0,0,233,0,32,0,36,2307,2283,0,3727,0.0,82,0,0,15.5,19,5,2,7,48,27,0,0,2,https://github.com/as-ideas/TransformerTTS.git
22.6,1348,0,1.0,190,0.0,1202,80,11,19415,3342,444,9063,100.0,5550,29,28753,258,0,0,5.0,0.6,17.8,0,1.0,3118,540,1202,30,637,862590,1.0,0,6237,0,465,0,259,20068,19415,0,40042,0.0,1173,0,0,7.2,41,32,1,113,609,451,0,0,23,https://github.com/astooke/rlpyt.git
6.5,1980,0,1.0,20,0.0,753,273,14,19023,4410,245,2292,0.0,4064,76,21878,422,0,0,5.0,0.6,25.8,24,5.0,4352,64,753,11,210,656340,1.0,0,7602,0,166,0,419,19733,19023,0,35168,0.0,677,24,0,26.6,10,79,0,275,146,256,0,0,12,https://github.com/autorope/donkeycar.git
0.3,3168,0,1.0,6,0.0,479,170,16,25364,7614,120,134,0.0,3817,12,36248,51,0,0,5.0,0.4,17.2,36,5.0,6949,8,479,8,165,1087440,1.0,0,7505,0,232,0,491,26625,25364,0,51062,0.0,467,36,0,32.8,22,3,1,170,163,134,0,0,0,https://github.com/avrae/avrae.git
0.0,80,0,1.0,0,0.0,20,1,1,1017,139,6,0,0.0,125,0,2610,0,0,0,1.0,0.2,17.9,8,5.0,82,0,20,0,12,78300,1.0,0,569,0,35,0,26,1070,1017,0,3605,0.0,20,8,0,4.0,2,4,0,1,12,7,0,0,4,https://github.com/baldassarreFe/deep-koalarization.git
2.4,56,0,1.0,2,0.0,9,2,0,776,155,4,51,100.0,85,0,1350,0,0,0,1.0,0.2,25.4,0,1.0,184,2,9,0,3,40500,1.0,0,459,0,18,0,13,801,776,0,2142,0.0,9,0,0,8.6,0,0,0,2,3,4,0,0,0,https://github.com/batra-mlp-lab/visdial-challenge-starter-pytorch.git
10.9,518,0,1.0,13,0.0,51,6,3,4439,911,16,952,100.0,290,8,6392,40,0,0,4.0,0.2,11.2,0,1.0,527,38,51,0,26,191760,1.0,0,808,0,76,0,132,4597,4439,0,8757,0.0,43,0,0,12.0,2,6,0,4,20,19,0,0,0,https://github.com/bayesiains/nflows.git
5.1,118,0,1.0,4,0.0,99,41,0,1103,269,36,200,0.0,1025,7,3316,65,0,0,4.0,1.0,4.5,30,5.0,245,8,99,0,22,99480,1.0,0,157,0,16,0,8,1130,1103,0,3904,0.0,92,30,0,16.8,9,4,0,38,18,36,0,0,3,https://github.com/Belval/TextRecognitionDataGenerator.git
0.0,194,0,1.0,0,0.0,83,6,0,1596,355,61,0,0.0,377,3,1937,30,0,0,5.0,0.6,27.6,3,5.0,244,0,83,1,15,58110,1.0,0,740,0,37,0,27,1688,1596,0,3333,0.0,80,3,0,9.6,2,10,1,5,15,60,0,0,9,https://github.com/beringresearch/ivis.git
6.9,450,0,1.0,18,0.0,163,15,24,4818,845,46,916,0.0,578,6,7187,34,0,0,4.0,0.3,18.0,2,5.0,636,40,163,0,78,215610,1.0,0,1576,0,87,0,114,4911,4818,0,13199,0.0,157,2,0,9.8,1,14,0,14,73,70,0,0,9,https://github.com/bethgelab/foolbox.git
0.0,56,0,1.0,0,0.0,20,2,6,752,141,0,0,0.0,79,0,1811,0,0,0,1.0,0.1,8.0,2,5.0,131,0,20,0,12,54330,1.0,0,157,0,32,0,14,765,752,0,2275,0.0,20,2,0,4.4,0,1,0,2,12,6,0,0,1,https://github.com/beyretb/AnimalAI-Olympics.git
15.3,3391,0,1.0,108,0.0,828,246,39,37404,9250,146,14752,0.0,8151,33,61669,229,0,0,4.0,0.4,25.4,6,5.0,10090,804,828,2,395,1850070,1.0,0,21015,0,302,0,727,38869,37404,0,96303,0.0,795,6,0,30.6,23,30,3,247,367,179,0,0,5,https://github.com/bhoov/exbert.git
20.8,480,0,1.0,22,0.0,623,54,0,7835,1599,100,4246,0.0,3579,7,12722,37,0,0,5.0,0.9,28.4,26,5.0,2102,259,623,2,467,381660,1.0,0,5034,0,80,0,93,8282,7835,0,20385,0.0,616,26,0,20.0,1,15,0,55,465,96,0,0,9,https://github.com/BindsNET/bindsnet.git
0.0,120,0,1.0,0,0.0,27,9,1,1813,365,3,0,0.0,289,1,2319,2,0,0,3.0,0.4,12.9,5,5.0,522,0,27,0,14,69570,1.0,0,342,0,21,0,11,1840,1813,0,3176,0.0,26,5,0,17.4,0,4,0,9,13,4,0,0,3,https://github.com/biolib/openprotein.git
3.0,129,0,1.0,6,0.0,197,37,10,3718,1097,100,204,0.0,1743,0,4631,0,0,0,1.0,1.3,15.3,19,5.0,1914,16,197,0,50,138930,1.0,0,834,0,49,0,4,3722,3718,0,6890,0.0,197,19,0,23.3,0,0,0,37,50,110,0,0,0,https://github.com/bitextor/bitextor.git
7.1,421,0,1.0,20,0.0,336,33,31,5234,772,168,637,0.0,1377,13,6205,68,0,0,5.0,0.7,13.1,2,5.0,612,57,336,2,102,186150,1.0,0,933,0,85,0,94,5329,5234,0,8932,0.0,323,2,0,9.1,12,28,0,27,97,199,0,0,25,https://github.com/black0017/MedicalZooPytorch.git
4.4,988,0,1.0,17,0.0,183,25,3,8177,1910,76,813,0.0,977,9,12204,62,0,0,3.0,0.3,19.1,11,5.0,1377,48,183,0,79,366120,1.0,0,2876,0,126,0,282,8461,8177,0,18383,0.0,174,11,0,15.2,1,23,0,26,71,77,0,0,14,https://github.com/BloodAxe/pytorch-toolbelt.git
2.5,724,0,1.0,15,0.0,1690,66,1,12178,2300,1147,903,0.0,5643,35,17798,217,0,0,4.0,1.1,44.8,4,5.0,2665,55,1690,0,476,533940,1.0,0,14446,0,100,0,41,12645,12178,0,36699,0.0,1655,4,0,23.0,63,271,3,71,442,1142,0,0,256,https://github.com/brainiak/brainiak.git
2.7,255,0,1.0,7,0.0,112,9,0,2918,658,28,192,0.0,563,2,4150,25,0,0,5.0,0.5,27.4,16,5.0,555,8,112,1,74,124500,1.0,0,1564,0,101,0,74,2991,2918,0,7198,0.0,110,16,0,6.5,5,7,0,11,71,28,0,0,6,https://github.com/BrikerMan/Kashgari.git
12.5,233,0,1.0,6,0.0,147,17,20,2489,345,30,916,0.0,600,2,4702,10,0,0,2.0,0.4,16.2,5,5.0,168,18,147,0,80,141060,1.0,0,909,0,63,0,29,2540,2489,0,7306,0.0,145,5,0,5.5,1,58,2,18,79,48,0,0,58,https://github.com/broadinstitute/keras-rcnn.git
0.0,29,10,1.0,0,0.0,3,2,0,146,43,1,0,0.0,2,0,296,0,0,0,1.0,0.0,6.6,1,5.0,28,0,3,0,0,8880,4.0,0,21,0,14,0,8,151,146,0,404,0.0,1,1,2,3.1,0,0,0,0,0,1,2,0,0,https://github.com/bureaucratic-labs/dostoevsky.git
1.0,235,0,1.0,1,0.0,57,21,11,2183,572,10,46,100.0,336,2,2731,7,0,0,3.0,0.4,21.2,0,1.0,675,2,57,0,15,81930,1.0,0,735,0,62,0,36,2234,2183,0,4464,0.0,55,0,0,10.6,0,2,1,21,21,13,0,0,1,https://github.com/Cadene/bootstrap.pytorch.git
3.3,794,15,1.0,14,0.0,383,49,5,7398,1928,190,486,0.0,3021,6,10956,19,0,0,5.0,0.9,8.3,17,5.0,2109,24,383,4,135,328680,5.0,0,992,0,171,0,203,7501,7398,0,14783,0.0,376,17,1,11.3,2,27,0,51,132,193,1,0,23,https://github.com/Calamari-OCR/calamari.git
26.3,1159,0,1.0,123,0.0,1037,358,7,31593,6167,361,17216,0.0,9352,7,40899,55,0,0,5.0,0.8,20.5,42,5.0,10140,755,1037,3,308,1226970,1.0,0,10542,0,195,0,98,32087,31593,0,65490,0.0,1030,42,0,31.6,48,43,0,369,320,324,0,0,37,https://github.com/calico/basenji.git
12.0,2063,0,1.0,54,0.0,514,37,8,16578,4002,63,6938,0.0,2443,50,30732,252,0,0,5.0,0.3,35.9,28,5.0,2856,231,514,16,390,921960,1.0,0,17212,0,331,0,372,18033,16578,0,57622,0.0,464,28,0,12.1,19,68,0,42,351,71,0,0,32,https://github.com/catalyst-team/catalyst.git
3.4,356,0,1.0,8,0.0,185,25,37,3402,665,37,379,100.0,565,28,6124,255,0,0,5.0,0.3,25.7,0,1.0,448,16,185,1,85,183720,1.0,0,2116,0,116,0,27,3550,3402,0,11238,0.0,157,0,0,5.7,6,38,0,32,51,74,0,0,9,https://github.com/cgre-aachen/gempy.git
0.0,183,0,1.0,0,0.0,20,8,0,1817,506,0,0,0.0,125,2,2805,25,0,0,5.0,0.1,5.8,5,5.0,487,0,20,1,11,84150,1.0,0,173,0,34,0,21,1841,1817,0,3454,0.0,18,5,0,14.9,2,5,0,8,10,0,0,0,4,https://github.com/chuyangliu/snake.git
0.7,547,0,1.0,2,0.0,178,23,36,3315,944,67,50,0.0,786,9,4797,90,0,0,5.0,0.5,18.7,10,5.0,719,2,178,6,46,143910,1.0,0,1106,0,89,0,96,3433,3315,0,7235,0.0,169,10,0,10.6,7,2,0,22,44,103,0,0,0,https://github.com/Ciphey/Ciphey.git
3.6,2716,0,1.0,22,0.0,342,157,54,22444,6099,69,2145,0.0,2407,9,37602,65,0,0,5.0,0.2,27.5,24,5.0,5959,84,342,5,57,1128060,1.0,0,14296,0,181,0,311,24217,22444,0,60029,0.0,333,24,0,33.7,7,11,0,157,54,122,0,0,7,https://github.com/cisco/mindmeld.git
6.0,142,0,1.0,4,0.0,76,11,0,2272,431,44,210,0.0,360,3,2658,9,0,0,4.0,0.5,8.9,4,5.0,494,12,76,0,21,79740,1.0,0,260,0,25,0,21,2295,2272,0,3521,0.0,73,4,0,17.2,3,6,0,12,17,44,0,0,4,https://github.com/ClementPinard/SfmLearner-Pytorch.git
54.2,2835,0,1.0,146,0.0,1033,459,21,40536,10734,82,51185,0.0,11051,13,64369,73,0,0,5.0,0.6,20.7,25,5.0,14505,1285,1033,3,468,1931070,1.0,0,16762,0,196,0,431,42435,40536,0,94454,0.0,1020,25,0,54.8,107,22,0,461,457,102,0,0,10,https://github.com/CLUEbenchmark/CLUE.git
0.2,761,30,1.0,2,0.0,460,84,0,10749,2274,166,46,0.0,3877,5,14269,60,0,0,5.0,0.9,13.6,31,5.0,2906,4,460,6,204,428070,5.0,0,2244,0,122,0,190,10801,10749,0,19833,0.0,454,31,1,18.6,5,37,0,87,201,166,1,0,34,https://github.com/cmu-db/ottertune.git
0.4,3037,65,1.0,15,0.0,1975,261,233,36888,9568,767,301,0.0,15541,33,54157,229,0,0,5.0,1.0,11.3,109,5.0,11631,18,1975,29,685,1624710,4.0,0,6872,0,547,0,516,37279,36888,0,72680,0.0,1939,109,3,17.5,24,34,0,281,658,1000,1,2,9,https://github.com/commaai/openpilot.git
20.1,2112,0,1.0,103,0.0,1811,462,56,32388,8594,568,10588,0.0,15580,56,37846,533,0,0,5.0,1.4,16.5,172,5.0,15109,417,1811,14,711,1135380,1.0,0,7490,0,295,0,307,33305,32388,0,52713,0.0,1755,172,0,29.1,25,52,4,458,677,620,0,0,18,https://github.com/ConvLab/ConvLab.git
0.8,307,0,1.0,1,0.0,136,28,7,3625,768,63,52,0.0,739,3,4334,12,0,0,5.0,0.6,19.1,4,5.0,759,2,136,1,37,130020,1.0,0,1023,0,59,0,36,3683,3625,0,6578,0.0,133,4,0,13.0,3,8,1,30,34,69,0,0,7,https://github.com/CorentinJ/Real-Time-Voice-Cloning.git
6.1,2162,0,1.0,59,0.0,495,58,35,18804,4175,302,2261,0.0,1689,26,23258,151,0,0,5.0,0.2,23.7,1,5.0,3047,161,495,5,95,697740,1.0,0,7241,0,312,0,536,19170,18804,0,37070,0.0,469,1,0,13.4,6,19,3,57,80,332,0,0,2,https://github.com/cornellius-gp/gpytorch.git
7.8,1744,0,1.0,35,0.0,2223,77,20,16282,3469,1640,2283,0.0,7649,13,20391,84,0,0,5.0,1.3,13.9,6,5.0,3155,150,2223,3,483,611730,1.0,0,3287,0,192,0,173,16503,16282,0,29398,0.0,2210,6,0,18.1,8,314,3,76,477,1657,0,0,310,https://github.com/cornell-zhang/heterocl.git
13.0,962,0,1.0,27,0.0,111,30,0,6172,1358,47,1966,100.0,701,0,10665,0,0,0,1.0,0.2,17.2,0,1.0,528,57,111,0,34,319950,1.0,0,2218,0,177,0,194,6355,6172,0,15113,0.0,111,0,0,7.7,0,13,0,30,34,47,0,0,13,https://github.com/cpnota/autonomous-learning-library.git
1.5,2936,0,1.0,23,0.0,402,84,25,20619,6265,165,1015,0.0,2218,31,30546,192,0,0,5.0,0.2,48.2,91,5.0,5735,53,402,8,120,916380,1.0,0,28432,0,470,0,623,21823,20619,0,67862,0.0,371,91,0,13.3,9,70,0,84,97,190,0,0,47,https://github.com/creme-ml/creme.git
2.4,113,0,1.0,1,0.0,28,6,0,1302,274,3,64,100.0,273,0,2030,0,0,0,1.0,0.4,11.5,0,1.0,290,4,28,0,19,60900,1.0,0,263,0,44,0,23,1328,1302,0,2626,0.0,28,0,0,6.2,0,17,0,6,19,3,0,0,17,https://github.com/CyberZHG/keras-bert.git
64.4,222,0,1.0,14,0.0,267,43,0,3317,728,66,3456,0.0,1388,5,4229,43,0,0,3.0,1.1,9.1,24,5.0,1004,183,267,0,158,126870,1.0,0,423,0,22,0,44,3362,3317,0,5369,0.0,262,24,0,33.1,0,108,0,43,153,66,0,0,103,https://github.com/DagnyT/hardnet.git
4.6,729,10,1.0,24,0.0,297,17,6,7191,1529,122,806,0.0,1281,1,10409,5,0,0,3.0,0.4,31.3,4,5.0,1261,35,297,0,152,312270,4.0,0,4747,0,154,0,102,7415,7191,0,17688,0.0,294,4,2,9.9,33,75,0,15,144,128,2,0,74,https://github.com/danielegrattarola/spektral.git
0.0,31,0,1.0,0,0.0,1,1,0,165,38,0,0,100.0,6,0,285,0,0,0,1.0,0.1,67.3,0,1.0,9,0,1,0,0,8550,1.0,0,587,0,14,0,10,186,165,0,1122,0.0,1,0,0,2.7,0,0,0,1,0,0,0,0,0,https://github.com/databricks/spark-deep-learning.git
2.6,1100,0,1.0,17,0.0,366,70,6,11282,2831,96,528,0.0,2445,3,12891,35,0,0,4.0,0.6,27.1,4,5.0,3135,23,366,0,194,386730,1.0,0,4790,0,204,0,204,11898,11282,0,20513,0.0,363,4,0,13.9,1,76,0,69,193,101,0,0,74,https://github.com/datamllab/rlcard.git
5.3,1204,0,1.0,10,0.0,2010,48,9,11976,2642,1364,1759,0.0,7058,12,16278,100,0,0,5.0,1.4,43.5,5,5.0,2164,88,2010,6,583,488340,1.0,0,12540,0,98,0,166,12806,11976,0,33293,0.0,1998,5,0,27.0,19,482,3,54,576,1368,0,0,479,https://github.com/ddbourgin/numpy-ml.git
8.9,5174,0,1.0,194,0.0,3409,444,107,60994,10979,1414,15027,0.0,16818,97,90078,596,0,0,5.0,0.6,40.1,41,5.0,10535,753,3409,13,1431,2702340,1.0,0,60373,0,790,0,898,65251,60994,0,168873,0.0,3312,41,0,13.9,83,812,3,466,1328,1517,0,0,731,https://github.com/deepchem/deepchem.git
0.5,3523,0,1.0,13,0.0,349,118,54,31908,8504,32,443,0.0,1657,34,45727,189,0,0,3.0,0.1,42.0,9,5.0,6809,20,349,1,144,1371810,1.0,0,33147,0,273,0,507,35746,31908,0,85747,0.0,315,9,0,31.2,9,73,1,128,102,85,0,0,40,https://github.com/deepfakes/faceswap.git
0.7,438,0,1.0,3,0.0,828,49,18,4461,1189,621,62,0.0,3155,8,5987,60,0,0,5.0,1.8,22.7,5,5.0,1285,4,828,2,138,179610,1.0,0,1755,0,44,0,46,4534,4461,0,8972,0.0,820,5,0,27.0,14,17,0,49,132,639,0,0,11,https://github.com/deepmedic/deepmedic.git
2.7,2135,0,1.0,14,0.0,237,45,58,14670,3504,76,925,0.0,1005,7,20869,35,0,0,4.0,0.2,28.2,2,5.0,2113,49,237,0,58,626070,1.0,0,8186,0,154,0,388,15359,14670,0,34816,0.0,230,2,0,22.8,1,27,3,44,55,131,0,0,24,https://github.com/deepmind/dm-haiku.git
1.9,1313,0,1.0,14,0.0,160,25,71,9350,2222,2,442,100.0,489,2,13214,10,0,0,3.0,0.1,30.1,0,1.0,1245,28,160,0,62,396420,1.0,0,5703,0,140,0,323,9837,9350,0,23259,0.0,158,0,0,15.9,28,24,0,25,51,73,0,0,22,https://github.com/deepmind/sonnet.git
0.7,936,0,1.0,6,0.0,401,165,20,13732,4131,80,186,0.0,4642,14,16948,116,0,0,5.0,0.9,28.2,57,5.0,6568,8,401,5,131,508440,1.0,0,6643,0,211,0,174,14270,13732,0,27622,0.0,387,57,0,19.6,16,16,0,175,115,97,0,0,7,https://github.com/deepmipt/DeepPavlov.git
5.9,787,0,1.0,24,0.0,451,82,102,11303,2428,120,1557,0.0,2547,21,16762,144,0,0,5.0,0.5,25.8,39,5.0,3055,59,451,11,136,502860,1.0,0,5833,0,105,0,78,11701,11303,0,26299,0.0,430,39,0,23.1,16,12,0,87,142,201,0,0,2,https://github.com/deepset-ai/FARM.git
0.0,152,0,1.0,0,0.0,23,3,0,1244,282,8,0,0.0,113,1,2277,10,0,0,5.0,0.2,38.4,1,5.0,174,0,23,1,11,68310,1.0,0,1417,0,29,0,15,1395,1244,0,4158,0.0,22,1,0,9.7,8,2,0,3,11,8,0,0,2,https://github.com/deezer/spleeter.git
0.7,501,0,1.0,3,0.0,754,43,3,7452,1579,613,161,0.0,2605,9,11291,70,0,0,4.0,0.8,42.5,6,5.0,1752,9,754,0,95,338730,1.0,0,8351,0,160,0,58,7871,7452,0,23181,0.0,745,6,0,9.9,14,22,0,56,73,616,0,0,10,https://github.com/DigitalSlideArchive/HistomicsTK.git
1.3,1089,0,1.0,8,0.0,142,42,4,9555,2386,15,307,100.0,886,9,13882,42,0,0,3.0,0.2,30.5,0,1.0,2134,12,142,0,81,416460,1.0,0,6097,0,96,0,155,10104,9555,0,23357,0.0,133,0,0,24.9,3,44,0,45,69,19,0,0,35,https://github.com/DLR-RM/stable-baselines3.git
12.3,9262,30,1.0,369,0.0,3934,605,146,117918,23423,1820,36952,0.0,21235,82,189129,517,0,0,5.0,0.4,28.5,148,5.0,24520,1639,3934,18,1345,5673870,4.0,0,75493,0,1209,0,1360,121928,117918,0,300588,0.0,3846,148,6,19.4,118,549,11,686,1208,1952,6,0,492,https://github.com/dmlc/dgl.git
0.8,644,30,1.0,3,0.0,229,52,5,5445,1446,113,82,0.0,1097,4,7615,20,0,0,3.0,0.5,8.0,18,5.0,1393,4,229,2,57,228450,5.0,0,663,0,80,0,93,5535,5445,0,10286,0.0,224,18,1,18.1,1,4,1,53,63,108,1,0,1,https://github.com/DongjunLee/kino-bot.git
0.0,100,0,1.0,0,0.0,195,36,9,1947,407,77,0,0.0,940,2,2211,10,0,0,3.0,1.4,21.9,11,5.0,610,0,195,0,73,66330,1.0,0,619,0,26,0,2,1967,1947,0,3260,0.0,193,11,0,15.7,0,21,0,36,71,86,0,0,19,https://github.com/drscotthawley/panotti.git
8.9,898,0,1.0,60,0.0,757,107,22,12939,2426,293,4217,0.0,4047,14,37135,62,0,0,5.0,0.4,14.3,74,5.0,2572,202,757,3,332,1114050,1.0,0,6182,0,155,0,129,13388,12939,0,47405,0.0,743,74,0,15.7,10,68,2,114,316,313,0,0,59,https://github.com/DSE-MSU/DeepRobust.git
6.4,484,0,1.0,4,0.0,135,29,47,5316,1434,31,691,0.0,923,1,7395,5,0,0,5.0,0.4,19.1,3,5.0,1652,29,135,3,25,221850,1.0,0,1751,0,60,0,82,5479,5316,0,10823,0.0,134,3,0,23.9,1,1,0,31,25,78,0,0,0,https://github.com/dwadden/dygiepp.git
1.5,427,0,1.0,3,0.0,153,42,14,4979,1239,42,163,0.0,1024,10,7197,48,0,0,3.0,0.5,22.9,4,5.0,1542,6,153,0,55,215910,1.0,0,2137,0,68,0,88,5241,4979,0,11097,0.0,143,4,0,18.8,6,14,0,42,46,55,0,0,4,https://github.com/EdinburghNLP/nematus.git
7.5,321,0,1.0,12,0.0,82,8,1,3211,857,45,449,0.0,466,2,4792,15,0,0,3.0,0.3,5.6,16,5.0,856,26,82,0,28,143760,1.0,0,285,0,35,0,94,3254,3211,0,6021,0.0,80,16,0,24.5,0,4,0,8,26,46,0,0,2,https://github.com/eladhoffer/convNet.pytorch.git
1.5,710,0,1.0,5,0.0,222,47,6,5542,1431,111,146,0.0,1140,8,6668,50,0,0,5.0,0.6,20.0,4,5.0,1175,8,222,4,54,200040,1.0,0,1671,0,89,0,113,5773,5542,0,9763,0.0,214,4,0,16.1,9,17,0,52,45,117,0,0,13,https://github.com/eleurent/rl-agents.git
2.3,1916,15,1.0,14,0.0,256,217,0,12571,2964,12,709,0.0,2449,5,26685,35,0,0,5.0,0.3,0.9,21,5.0,1492,42,256,2,25,800550,5.0,0,234,0,241,0,457,12579,12571,0,31436,0.0,250,21,1,12.3,1,4,0,217,21,12,1,0,0,https://github.com/elifesciences/sciencebeam.git
7.4,386,0,1.0,11,0.0,225,47,0,3821,818,105,909,0.0,1439,6,7501,60,0,0,4.0,0.6,29.2,7,5.0,934,28,225,0,73,225030,1.0,0,3098,0,51,0,21,4195,3821,0,12303,0.0,219,7,0,16.0,2,25,0,47,67,105,0,0,20,https://github.com/EpistasisLab/tpot.git
4.6,232,0,1.0,6,0.0,484,98,4,5328,1314,116,445,0.0,3880,3,6059,35,0,0,5.0,2.1,28.1,3,5.0,3247,18,484,1,265,181770,1.0,0,2373,0,26,0,49,5477,5328,0,9691,0.0,481,3,0,50.5,2,2,0,99,263,119,0,0,0,https://github.com/eth-sri/eran.git
2.0,212,0,1.0,3,0.0,55,7,1,1954,423,33,86,0.0,281,1,3152,10,0,0,3.0,0.3,17.4,1,5.0,353,4,55,0,14,94560,1.0,0,662,0,35,0,13,2020,1954,0,4355,0.0,54,1,0,12.1,0,1,0,7,13,34,0,0,0,https://github.com/explosion/spacy-transformers.git
1.8,1452,0,1.0,14,0.0,282,24,14,11563,2794,144,560,0.0,1016,16,19547,113,0,0,5.0,0.2,25.3,17,5.0,2067,23,282,3,97,586410,1.0,0,6625,0,217,0,366,12185,11563,0,30893,0.0,266,17,0,12.9,3,23,0,24,121,121,0,0,10,https://github.com/facebookresearch/ClassyVision.git
3.9,1791,0,1.0,20,0.0,440,130,59,15095,4200,90,1302,0.0,2411,36,21685,388,0,0,5.0,0.4,21.7,34,5.0,4324,62,440,6,155,650550,1.0,0,6021,0,120,0,260,16055,15095,0,33083,0.0,404,34,0,35.0,19,17,0,117,138,149,0,0,0,https://github.com/facebookresearch/CrypTen.git
2.8,3525,0,1.0,37,0.0,623,183,107,31450,8350,128,2327,0.0,3935,54,57694,293,0,0,5.0,0.2,17.7,31,5.0,8137,100,623,5,200,1730820,1.0,0,12432,0,378,0,790,32828,31450,0,82935,0.0,569,31,0,22.1,11,102,3,185,152,232,0,0,58,https://github.com/facebookresearch/habitat-api.git
4.5,3055,0,1.0,45,0.0,529,110,55,29395,6805,203,2742,0.0,3033,17,43285,117,0,0,5.0,0.2,15.3,38,5.0,6047,120,529,11,150,1298550,1.0,0,7830,0,388,0,770,29966,29395,0,61067,0.0,512,38,0,17.5,2,24,2,119,140,253,0,0,11,https://github.com/facebookresearch/mmf.git
8.0,2227,5,1.0,9,0.0,1165,150,57,20917,7112,194,3573,0.0,7455,49,31186,279,0,0,3.0,0.8,22.7,11,5.0,7440,250,1165,1,763,935580,4.0,0,9171,0,203,0,425,21697,20917,0,44734,0.0,1115,11,1,35.0,4,247,1,158,708,249,1,0,199,https://github.com/facebookresearch/nevergrad.git
2.3,7956,0,1.0,88,0.0,1517,641,121,78789,20667,262,4561,0.0,13573,99,132719,593,0,0,5.0,0.3,21.8,374,5.0,21783,198,1517,29,464,3981570,1.0,0,37069,0,1373,0,2316,83134,78789,0,196920,0.0,1418,374,0,15.1,30,78,7,648,417,353,0,0,10,https://github.com/facebookresearch/ParlAI.git
3.9,3838,0,1.0,51,0.0,755,188,42,31719,8566,232,3156,0.0,4909,42,57217,272,0,0,5.0,0.3,17.9,40,5.0,7533,154,755,11,282,1716510,1.0,0,12493,0,414,0,1243,32793,31719,0,80563,0.0,713,40,0,20.7,12,57,5,187,289,237,0,0,32,https://github.com/facebookresearch/pytext.git
3.3,2992,0,1.0,41,0.0,540,75,80,27480,5772,143,2222,0.0,3061,20,49494,101,0,0,5.0,0.2,15.5,24,5.0,4538,118,540,3,239,1484820,1.0,0,9086,0,479,0,819,28233,27480,0,67974,0.0,520,24,0,12.1,9,44,2,81,219,220,0,0,29,https://github.com/facebookresearch/ReAgent.git
12.6,3910,0,1.0,93,0.0,1355,380,74,38743,11116,426,11501,0.0,9701,67,55773,511,0,0,5.0,0.6,30.2,26,5.0,12535,533,1355,11,464,1673190,1.0,0,24075,0,425,0,782,40819,38743,0,91281,0.0,1288,26,0,26.2,12,87,3,381,412,495,0,0,34,https://github.com/fastnlp/fastNLP.git
0.0,99,0,1.0,0,0.0,68,13,0,1576,415,35,0,0.0,397,2,3078,10,0,0,3.0,0.4,20.0,7,5.0,515,0,68,0,20,92340,1.0,0,770,0,19,0,8,1632,1576,0,4194,0.0,66,7,0,21.8,0,10,0,13,18,35,0,0,8,https://github.com/faustomorales/keras-ocr.git
3.5,1443,0,1.0,26,0.0,496,12,18,9241,2245,228,1004,0.0,1826,2,16353,10,0,0,3.0,0.4,31.0,17,5.0,1118,41,496,1,237,490590,1.0,0,7332,0,394,0,403,10343,9241,0,29063,0.0,494,17,0,5.7,1,1,0,13,235,247,0,0,1,https://github.com/f-dangel/backpack.git
7.1,2581,0,1.0,66,0.0,471,93,82,21681,5558,71,4763,0.0,2711,9,50209,56,0,0,5.0,0.2,13.1,72,5.0,4563,205,471,3,222,1506270,1.0,0,7561,0,416,0,374,22442,21681,0,67443,0.0,462,72,0,13.4,121,32,0,98,216,148,0,0,25,https://github.com/feast-dev/feast.git
11.4,4401,0,1.0,139,0.0,1163,222,62,36129,9226,183,8688,0.0,6502,33,51998,248,0,0,5.0,0.4,15.0,26,5.0,8273,884,1163,9,687,1559940,1.0,0,9156,0,586,0,811,36687,36129,0,76307,0.0,1130,26,0,15.7,9,96,2,230,664,236,0,0,56,https://github.com/FederatedAI/FATE.git
18.2,339,0,1.0,9,0.0,69,20,3,2643,592,26,1044,0.0,262,2,3899,20,0,0,5.0,0.2,12.1,11,5.0,360,31,69,1,19,116970,1.0,0,537,0,48,0,122,2729,2643,0,5741,0.0,67,11,0,12.3,1,2,0,20,18,29,0,0,1,https://github.com/feedly/transfer-nlp.git
0.0,1027,0,1.0,0,0.0,89,20,0,8377,1892,15,0,0.0,506,9,12288,60,0,0,5.0,0.1,23.5,11,5.0,1342,0,89,3,51,368640,1.0,0,3777,0,169,0,158,8641,8377,0,18102,0.0,80,11,0,11.2,8,26,1,27,39,14,0,0,20,https://github.com/fepegar/torchio.git
1.6,378,0,1.0,7,0.0,80,6,0,3232,770,17,133,0.0,471,13,4636,35,0,0,3.0,0.3,33.8,2,5.0,693,8,80,0,57,139080,1.0,0,2364,0,64,0,33,3516,3232,0,8449,0.0,67,2,0,12.0,4,23,0,10,40,17,0,0,10,https://github.com/fizyr/keras-retinanet.git
3.2,2177,0,1.0,16,0.0,615,185,18,19873,5820,342,1557,0.0,5109,18,32676,108,0,0,3.0,0.5,17.6,56,5.0,6436,82,615,2,68,980280,1.0,0,6973,0,128,0,564,20552,19873,0,48091,0.0,597,56,0,45.5,4,19,3,195,45,357,0,0,4,https://github.com/flairNLP/flair.git
2.5,879,0,1.0,20,0.0,2344,245,110,19157,4252,1300,1104,0.0,14517,21,25191,118,0,0,5.0,1.9,35.8,8,5.0,7567,53,2344,1,688,755730,1.0,0,14022,0,97,0,41,19759,19157,0,43428,0.0,2323,8,0,43.8,123,87,4,360,557,1406,0,0,72,https://github.com/flatironinstitute/CaImAn.git
7.2,1289,0,1.0,42,0.0,492,125,80,13326,2866,161,3020,0.0,2755,8,22982,75,0,0,5.0,0.4,36.3,22,5.0,2926,94,492,3,123,689460,1.0,0,13110,0,205,0,259,14733,13326,0,41815,0.0,484,22,0,14.0,6,15,2,123,128,233,0,0,14,https://github.com/flow-project/flow.git
12.3,495,0,1.0,17,0.0,355,65,4,5095,1207,132,1434,0.0,2245,7,6440,65,0,0,5.0,1.2,32.7,4,5.0,1142,69,355,1,153,193200,1.0,0,3130,0,70,0,48,5322,5095,0,11692,0.0,348,4,0,17.2,1,69,0,65,147,136,0,0,63,https://github.com/frankkramer-lab/MIScnn.git
7.3,7966,0,1.0,194,0.0,1793,456,127,81343,21785,454,13712,0.0,14176,93,141322,589,0,0,5.0,0.3,13.3,154,5.0,22621,618,1793,12,744,4239660,1.0,0,21657,0,996,0,1428,83529,81343,0,189113,0.0,1700,154,0,22.0,15,233,13,464,673,563,0,0,163,https://github.com/freewym/espresso.git
0.9,224,0,1.0,1,0.0,79,8,1,1714,501,50,34,0.0,303,1,2123,10,0,0,3.0,0.5,36.1,2,5.0,415,2,79,0,20,63690,1.0,0,1197,0,14,0,48,1884,1714,0,3830,0.0,78,2,0,35.8,0,5,0,8,20,50,0,0,4,https://github.com/funcwj/setk.git
1.8,22569,590,1.0,125,0.0,5129,1419,883,208388,54927,762,7504,0.0,50515,89,317882,611,0,0,5.0,0.5,13.6,358,5.0,64007,352,5129,37,2028,9536460,5.0,0,49987,0,1982,0,4447,215506,208388,0,425951,0.0,5015,358,25,28.2,69,50,16,1409,1978,1628,24,1,0,https://github.com/galaxyproject/galaxy.git
4.5,811,0,1.0,16,0.0,118,15,12,6180,1421,46,673,0.0,723,3,8539,15,0,0,3.0,0.3,34.0,2,5.0,1040,24,118,0,45,256170,1.0,0,4406,0,74,0,54,6365,6180,0,15025,0.0,115,2,0,19.2,0,4,0,15,44,56,0,0,1,https://github.com/geoopt/geoopt.git
2.0,437,120,1.0,4,0.0,219,31,48,3897,998,52,154,0.0,943,12,4515,90,0,0,5.0,0.7,28.7,36,5.0,1036,8,219,6,82,135450,5.0,0,1814,0,61,0,43,4013,3897,0,7677,0.0,203,36,4,16.9,2,20,1,32,72,99,4,0,10,https://github.com/geyang/ml_logger.git
44.3,199,0,1.0,59,0.0,138,29,1,4580,635,31,3554,0.0,657,1,4986,10,0,0,5.0,0.4,20.1,9,5.0,604,244,138,1,76,149580,1.0,0,1253,0,146,0,51,4588,4580,0,8026,0.0,137,9,0,4.3,1,8,0,29,76,32,0,0,0,https://github.com/gjy3035/C-3-Framework.git
1.5,6971,60,1.0,29,0.0,1328,639,190,62481,14325,211,2316,0.0,9335,14,102368,68,0,0,4.0,0.3,17.7,264,5.0,10781,124,1328,6,282,3071040,5.0,0,21942,0,641,0,1101,69584,62481,0,152214,0.0,1312,264,2,22.3,78,5,3,637,277,398,2,0,0,https://github.com/google/clusterfuzz.git
6.8,3762,0,1.0,63,0.0,523,94,59,27714,6550,157,5140,0.0,3243,73,45910,544,0,0,5.0,0.2,28.9,11,5.0,4604,218,523,31,182,1377300,1.0,0,18681,0,270,0,1004,28977,27714,0,75943,0.0,450,11,0,24.3,36,90,0,93,141,216,0,0,49,https://github.com/google/flax.git
7.7,1044,0,1.0,29,0.0,495,166,27,13794,3204,50,2651,0.0,4513,32,22019,197,0,0,3.0,0.7,23.5,1,5.0,4494,102,495,0,252,660570,1.0,0,6770,0,116,0,116,14427,13794,0,34520,0.0,463,1,0,27.6,4,71,3,166,222,75,0,0,41,https://github.com/google/qkeras.git
5.2,2551,0,1.0,41,0.0,1907,87,19,21560,4593,735,2366,0.0,6971,225,29574,2142,0,0,5.0,0.8,25.0,1,5.0,2927,160,1907,2,1064,887220,1.0,0,9854,0,149,0,55,22214,21560,0,45823,0.0,1682,1,0,30.8,7,870,2,87,843,752,0,0,651,https://github.com/google/TensorNetwork.git
5.0,2601,0,1.0,79,0.0,395,30,79,24728,4657,14,4557,0.0,2487,13,50683,75,0,0,5.0,0.2,38.6,6,5.0,2991,331,395,1,271,1520490,1.0,0,31867,0,358,0,257,26632,24728,0,91409,0.0,382,6,0,13.0,2,76,9,30,268,84,0,0,73,https://github.com/google/tf-quant-finance.git
43.1,837,0,1.0,76,0.0,139,28,16,8391,1800,23,10701,0.0,665,2,12750,10,0,0,2.0,0.2,37.5,67,5.0,1392,118,139,0,72,382500,1.0,0,7639,0,205,0,57,8993,8391,0,24811,0.0,137,67,0,8.8,33,23,2,30,74,33,0,0,21,https://github.com/GoogleCloudPlatform/ml-on-gcp.git
10.1,824,0,1.0,12,0.0,248,54,101,9090,2245,9,2690,0.0,1314,12,15340,92,0,0,5.0,0.3,33.7,11,5.0,2404,46,248,1,83,460200,1.0,0,7781,0,73,0,189,9839,9090,0,26622,0.0,236,11,0,30.8,18,50,3,59,70,107,0,0,42,https://github.com/google-research/meta-dataset.git
1.6,1201,0,1.0,14,0.0,193,49,23,10236,2497,3,457,0.0,1684,1,16145,5,0,0,2.0,0.3,36.0,3,5.0,2150,24,193,0,118,484350,1.0,0,9069,0,140,0,152,11102,10236,0,29003,0.0,192,3,0,17.8,0,36,1,49,118,25,0,0,36,https://github.com/google-research/tensor2robot.git
0.8,474,0,1.0,1,0.0,94,56,14,3889,992,1,102,0.0,887,3,8502,20,0,0,3.0,0.3,27.8,5,5.0,899,7,94,0,23,255060,1.0,0,3274,0,43,0,26,4134,3889,0,13397,0.0,91,5,0,23.1,0,3,0,56,20,15,0,0,0,https://github.com/google-research/text-to-text-transfer-transformer.git
4.6,1289,0,1.0,24,0.0,200,26,0,9554,2237,42,995,0.0,1047,8,12827,40,0,0,3.0,0.3,29.9,1,5.0,1316,55,200,10,122,384810,1.0,0,5476,0,123,0,175,9868,9554,0,21569,0.0,192,1,0,18.2,0,84,0,37,113,42,0,0,75,https://github.com/GRAAL-Research/poutyne.git
0.8,137,0,1.0,1,0.0,25,6,1,1162,236,0,22,0.0,115,1,1497,15,0,0,3.0,0.3,30.8,1,5.0,160,2,25,0,18,44910,1.0,0,667,0,27,0,37,1190,1162,0,2783,0.0,24,1,0,8.7,0,3,0,6,17,1,0,0,2,https://github.com/graknlabs/kglib.git
0.4,1018,0,1.0,2,0.0,199,70,1,6132,1806,113,36,0.0,1221,0,7464,0,0,0,1.0,0.5,6.1,15,5.0,1516,2,199,0,15,223920,1.0,0,487,0,82,0,41,6194,6132,0,9890,0.0,199,15,0,22.0,0,0,0,70,15,114,0,0,0,https://github.com/graphbrain/graphbrain.git
0.8,191,0,1.0,1,0.0,44,4,1,1629,340,17,30,100.0,290,1,2146,15,0,0,3.0,0.5,26.9,0,1.0,247,2,44,0,22,64380,1.0,0,788,0,40,0,18,1678,1629,0,3565,0.0,43,0,0,8.5,0,10,0,4,21,18,0,0,9,https://github.com/greentfrapp/lucent.git
3.5,6080,0,1.0,30,0.0,713,145,12,39689,13022,280,2891,0.0,4818,50,52723,503,0,0,5.0,0.3,20.4,40,5.0,11160,66,713,6,270,1581690,1.0,0,13477,0,580,0,486,40493,39689,0,82589,0.0,663,40,0,22.5,25,71,1,144,228,291,0,0,29,https://github.com/guildai/guildai.git
35.4,242,0,1.0,6,0.0,110,13,0,2973,597,78,2058,0.0,429,0,3360,0,0,0,1.0,0.4,35.1,10,5.0,667,29,110,0,19,100800,1.0,0,1814,0,36,0,48,3169,2973,0,5818,0.0,110,10,0,16.6,0,0,0,13,27,70,0,0,0,https://github.com/Ha0Tang/AttentionGAN.git
71.4,782,0,1.0,105,0.0,459,56,0,8980,2108,230,10188,0.0,1972,44,10368,505,0,0,5.0,0.6,11.3,24,5.0,2300,157,459,43,130,311040,1.0,0,1320,0,158,0,131,9066,8980,0,14277,0.0,415,24,0,13.3,45,3,0,58,145,212,0,0,0,https://github.com/Ha0Tang/SelectionGAN.git
1.9,397,90,1.0,5,0.0,374,70,0,6519,1367,171,201,0.0,2053,13,7447,145,0,0,5.0,0.9,12.8,59,5.0,1922,9,374,4,129,223410,5.0,0,1091,0,170,0,28,6622,6519,0,10450,0.0,359,59,2,8.1,2,12,2,70,121,168,2,0,2,https://github.com/hastagAB/Awesome-Python-Scripts.git
2.1,760,0,1.0,7,0.0,228,50,21,7458,1908,82,406,0.0,1854,1,12104,5,0,0,3.0,0.5,26.0,7,5.0,2224,26,228,0,75,363120,1.0,0,4248,0,134,0,116,8352,7458,0,19181,0.0,227,7,0,14.2,8,2,0,58,66,103,0,0,1,https://github.com/HazyResearch/fonduer.git
12.7,496,15,1.0,12,0.0,378,58,12,7618,1453,163,2284,100.0,2567,16,11689,110,0,0,5.0,0.7,25.0,0,1.0,1983,104,378,6,139,350670,4.0,0,3889,0,65,0,71,7901,7618,0,17941,0.0,359,0,3,22.4,40,47,0,59,124,175,3,0,39,https://github.com/henrysky/astroNN.git
5.8,769,0,1.0,17,0.0,107,42,16,5572,1349,20,715,0.0,683,8,7747,60,0,0,5.0,0.3,23.0,8,5.0,1119,32,107,8,21,232410,1.0,0,2317,0,136,0,146,5729,5572,0,12232,0.0,99,8,0,9.9,10,2,0,44,21,34,0,0,2,https://github.com/heronsystems/adeptRL.git
0.0,639,0,1.0,0,0.0,140,35,19,5704,1269,37,0,0.0,853,3,8166,20,0,0,5.0,0.3,17.4,11,5.0,1066,0,140,2,47,244980,1.0,0,1721,0,78,0,79,6000,5704,0,11656,0.0,137,11,0,16.3,2,20,0,35,46,56,0,0,19,https://github.com/HumanCompatibleAI/adversarial-policies.git
5.8,83,0,1.0,5,0.0,142,20,0,2349,398,70,211,0.0,713,0,2842,0,0,0,1.0,0.8,10.4,4,5.0,701,16,142,1,51,85260,1.0,0,331,0,23,0,3,2371,2349,0,3665,0.0,142,4,0,17.3,3,3,0,21,51,70,0,0,3,https://github.com/hunglc007/tensorflow-yolov4-tflite.git
37.9,265,0,1.0,17,0.0,65,31,0,3072,578,11,2272,100.0,376,0,4633,0,0,0,1.0,0.3,8.7,0,1.0,588,88,65,0,23,138990,1.0,0,443,0,64,0,75,3077,3072,0,5990,0.0,65,0,0,9.0,0,17,0,31,23,11,0,0,17,https://github.com/hysts/pytorch_image_classification.git
11.2,4344,0,1.0,199,0.0,1440,317,32,56391,11938,267,16582,0.0,10467,162,84091,987,0,0,5.0,0.4,30.4,51,5.0,14001,806,1440,6,818,2522730,1.0,0,36690,0,630,0,591,59319,56391,0,147645,0.0,1278,51,0,19.0,117,463,3,364,614,294,0,0,311,https://github.com/IBM/adversarial-robustness-toolbox.git
5.1,944,0,1.0,21,0.0,626,52,18,8817,2072,363,1281,0.0,2745,29,13619,145,0,0,5.0,0.7,38.4,3,5.0,1899,85,626,1,192,408570,1.0,0,8505,0,180,0,94,9490,8817,0,25348,0.0,597,3,0,11.5,9,85,0,60,156,381,0,0,57,https://github.com/IBM/AIF360.git
5.6,853,0,1.0,22,0.0,1004,53,7,10190,1996,688,1264,0.0,3837,7,14046,45,0,0,5.0,0.9,27.0,12,5.0,2203,68,1004,7,249,421380,1.0,0,5202,0,243,0,198,10609,10190,0,22675,0.0,997,12,0,8.2,46,30,0,78,231,688,0,0,25,https://github.com/IBM/AIX360.git
13.5,3365,0,1.0,127,0.0,2053,423,79,29964,7503,1303,13503,0.0,10498,16,81220,100,0,0,4.0,0.4,10.0,579,5.0,8337,502,2053,3,245,2436600,1.0,0,9026,0,333,0,514,30317,29964,0,100119,0.0,2037,579,0,22.5,5,28,0,428,227,1382,0,0,10,https://github.com/IBM/lale.git
1.0,888,0,1.0,4,0.0,195,25,22,7114,1914,25,146,0.0,813,6,9335,47,0,0,5.0,0.3,25.1,4,5.0,1704,6,195,3,120,280050,1.0,0,3129,0,126,0,228,7357,7114,0,14763,0.0,189,4,0,15.2,4,65,0,38,104,47,0,0,63,https://github.com/inferno-pytorch/inferno.git
11.4,505,0,1.0,13,0.0,272,46,14,5148,1527,136,1204,0.0,1744,7,7481,50,0,0,3.0,0.8,17.0,7,5.0,2034,69,272,0,76,224430,1.0,0,1530,0,58,0,76,5376,5148,0,10536,0.0,265,7,0,26.3,6,24,1,46,70,149,0,0,18,https://github.com/interpretml/DiCE.git
1.3,1021,0,1.0,6,0.0,252,49,11,8305,1971,110,225,100.0,1746,6,11114,31,0,0,3.0,0.5,28.2,0,1.0,1676,12,252,0,82,333420,1.0,0,4357,0,99,0,165,8760,8305,0,17960,0.0,246,0,0,19.9,0,18,1,49,77,120,0,0,13,https://github.com/interpretml/interpret-community.git
10.6,392,0,1.0,11,0.0,218,27,11,4369,936,107,1110,0.0,1091,9,7037,52,0,0,3.0,0.5,22.4,6,5.0,981,35,218,0,73,211110,1.0,0,2036,0,75,0,68,4579,4369,0,10492,0.0,209,6,0,12.5,0,15,1,27,65,117,0,0,7,https://github.com/interpretml/interpret-text.git
6.8,3276,0,1.0,47,0.0,967,539,46,19974,5413,101,2724,0.0,7597,40,24345,342,0,0,5.0,1.0,24.1,48,5.0,4102,72,967,15,266,730350,1.0,0,7711,0,280,0,325,20879,19974,0,40315,0.0,927,48,0,19.4,15,22,4,541,244,142,0,0,0,https://github.com/ironmussa/Optimus.git
2.8,309,0,1.0,5,0.0,95,40,0,3477,1117,38,179,100.0,769,3,4971,35,0,0,3.0,0.5,16.3,0,1.0,1242,13,95,0,17,149130,1.0,0,965,0,30,0,44,3586,3477,0,6501,0.0,92,0,0,37.2,1,4,0,42,28,22,0,0,0,https://github.com/jaakkopasanen/AutoEq.git
2.2,1761,0,1.0,7,0.0,587,272,15,10279,3853,102,349,0.0,3455,20,11818,99,0,0,5.0,1.0,13.1,8,5.0,2984,14,587,4,194,354540,1.0,0,1783,0,105,0,280,12526,10279,0,15875,0.0,567,8,0,36.7,4,15,1,272,182,113,0,0,0,https://github.com/jantic/DeOldify.git
0.0,166,0,1.0,0,0.0,147,19,0,1712,380,80,0,0.0,626,4,2664,21,0,0,5.0,0.8,25.8,2,5.0,349,0,147,2,46,79920,1.0,0,925,0,37,0,25,1801,1712,0,4367,0.0,143,2,0,10.3,2,35,0,19,44,80,0,0,33,https://github.com/jeongyoonlee/Kaggler.git
6.1,133,0,1.0,8,0.0,43,23,0,2222,586,8,347,0.0,424,5,3708,23,0,0,3.0,0.4,24.5,1,5.0,872,20,43,0,12,111240,1.0,0,1203,0,37,0,32,2283,2222,0,5696,0.0,38,1,0,15.8,0,7,0,23,7,8,0,0,2,https://github.com/jettify/pytorch-optimizer.git
17.3,402,40,1.0,30,0.0,1771,289,8,11415,1520,1197,4872,0.0,7322,24,13211,134,0,0,5.0,1.8,46.9,22,5.0,2823,162,1771,2,275,396330,4.0,0,11676,0,160,0,12,11657,11415,0,28191,0.0,1745,22,2,9.6,7,26,0,291,249,1205,2,0,4,https://github.com/jim-schwoebel/voicebook.git
1.9,425,0,1.0,8,0.0,111,35,17,5324,1305,25,274,0.0,964,1,9750,5,0,0,4.0,0.3,24.0,2,5.0,1563,14,111,0,34,292500,1.0,0,3085,0,53,0,67,5598,5324,0,14527,0.0,110,2,0,24.6,1,2,0,34,34,42,0,0,2,https://github.com/joeynmt/joeynmt.git
7.8,1014,0,1.0,55,0.0,702,68,0,11436,2956,365,2858,0.0,3040,56,23429,265,0,0,3.0,0.4,26.5,5,5.0,3265,136,702,0,269,702870,1.0,0,8461,0,191,0,187,11709,11436,0,36725,0.0,646,5,0,15.5,3,208,0,72,211,363,0,0,149,https://github.com/jrzaurin/pytorch-widedeep.git
0.0,173,0,1.0,0,0.0,57,4,0,1716,427,44,0,0.0,197,0,1875,0,0,0,1.0,0.4,42.0,7,5.0,458,0,57,0,9,56250,1.0,0,1356,0,33,0,30,1890,1716,0,3497,0.0,57,7,0,12.9,1,0,0,5,12,40,0,0,0,https://github.com/junyanz/pytorch-CycleGAN-and-pix2pix.git
22.0,723,0,1.0,33,0.0,200,28,1,9074,1812,100,4489,0.0,1143,1,14792,5,0,0,3.0,0.3,16.4,42,5.0,1713,371,200,1,70,443760,1.0,0,2904,0,106,0,191,9318,9074,0,20422,0.0,199,42,0,17.1,4,6,0,33,65,101,0,0,5,https://github.com/KaiyangZhou/deep-person-reid.git
8.7,560,0,1.0,9,0.0,69,13,1,4336,894,8,793,100.0,463,5,5637,42,0,0,5.0,0.3,19.2,0,1.0,526,38,69,1,46,169110,1.0,0,1343,0,65,0,148,4504,4336,0,9138,0.0,64,0,0,13.8,1,3,1,13,43,8,0,0,0,https://github.com/kakaobrain/torchgpipe.git
6.0,432,0,1.0,19,0.0,187,15,17,4768,1003,30,635,0.0,985,6,6793,43,0,0,3.0,0.5,24.9,2,5.0,945,27,187,0,125,203790,1.0,0,2256,0,117,0,120,4921,4768,0,10496,0.0,181,2,0,8.6,69,37,0,15,111,47,0,0,31,https://github.com/keiohta/tf2rl.git
1.2,622,0,1.0,6,0.0,137,22,13,5056,1153,10,160,0.0,725,6,8136,22,0,0,3.0,0.3,25.3,10,5.0,827,8,137,0,92,244080,1.0,0,2753,0,123,0,90,5200,5056,0,13402,0.0,131,10,0,9.4,0,75,1,22,87,22,0,0,70,https://github.com/keras-team/autokeras.git
6.1,904,0,1.0,10,0.0,206,28,7,6810,1570,54,1086,0.0,993,32,10956,165,0,0,5.0,0.3,26.5,12,5.0,990,20,206,1,116,328680,1.0,0,3960,0,101,0,121,7030,6810,0,17662,0.0,174,12,0,15.5,2,91,0,27,86,61,0,0,61,https://github.com/keras-team/keras-tuner.git
22.9,228,0,1.0,5,0.0,79,22,0,2510,699,10,1397,0.0,597,3,4282,30,0,0,5.0,0.5,6.1,11,5.0,639,28,79,3,44,128460,1.0,0,276,0,37,0,58,2529,2510,0,6093,0.0,76,11,0,19.4,3,0,0,22,44,10,0,0,0,https://github.com/kerlomz/captcha_platform.git
4.2,940,0,1.0,25,0.0,480,86,0,9395,2294,337,772,100.0,2526,10,14846,82,0,0,5.0,0.6,5.6,0,1.0,2636,63,480,5,52,445380,1.0,0,880,0,195,0,209,9449,9395,0,18330,0.0,470,0,0,11.8,4,9,0,89,44,337,0,0,2,https://github.com/KevinMusgrave/pytorch-metric-learning.git
7.7,12,0,1.0,1,0.0,59,5,0,343,48,39,54,0.0,174,0,449,0,0,0,1.0,1.3,26.2,3,5.0,62,4,59,0,15,13470,1.0,0,159,0,6,0,0,356,343,0,703,0.0,59,3,0,8.0,0,4,0,5,15,39,0,0,4,https://github.com/kk7nc/HDLTex.git
3.3,26,0,1.0,3,0.0,111,18,0,1055,140,48,76,0.0,516,1,1411,3,0,0,3.0,1.2,29.7,27,5.0,224,4,111,0,45,42330,1.0,0,596,0,23,0,0,1090,1055,0,2313,0.0,110,27,0,6.1,0,4,0,18,44,48,0,0,3,https://github.com/kk7nc/RMDL.git
3.7,79,0,1.0,2,0.0,27,8,0,1218,270,9,83,0.0,215,0,1482,0,0,0,1.0,0.5,18.3,5,5.0,337,4,27,0,10,44460,1.0,0,333,0,16,0,19,1236,1218,0,2273,0.0,27,5,0,16.9,0,4,0,8,10,9,0,0,4,https://github.com/knazeri/edge-connect.git
2.6,840,0,1.0,13,0.0,595,38,0,6718,1329,351,517,100.0,2048,42,9900,226,0,0,4.0,0.7,40.6,0,1.0,706,21,595,0,206,297000,1.0,0,6779,0,132,0,73,7097,6718,0,19811,0.0,553,0,0,10.1,25,165,3,26,179,348,0,0,143,https://github.com/koaning/scikit-lego.git
6.0,6193,0,1.0,97,0.0,1948,292,316,48278,10619,723,7421,0.0,5732,256,78071,1307,0,0,4.0,0.2,26.9,17,5.0,6024,405,1948,0,617,2342130,1.0,0,28728,0,657,0,1151,50046,48278,0,124060,0.0,1692,17,0,16.2,172,84,2,121,534,1037,0,0,2,https://github.com/kornia/kornia.git
0.0,127,0,1.0,0,0.0,31,7,3,1218,228,10,0,0.0,178,0,1747,0,0,0,1.0,0.3,15.0,6,5.0,152,0,31,0,11,52410,1.0,0,308,0,45,0,40,1307,1218,0,2561,0.0,31,6,0,5.1,0,1,0,7,11,13,0,0,1,https://github.com/koursaros-ai/nboost.git
0.3,576,300,1.0,1,0.0,150,35,7,5572,1199,38,36,0.0,647,2,8632,7,0,0,3.0,0.2,25.0,27,5.0,1045,2,150,9,61,258960,5.0,0,2884,0,99,0,70,5978,5572,0,13858,0.0,138,27,10,12.1,1,3,0,35,59,44,9,0,2,https://github.com/kubeflow-kale/kale.git
8.6,359,0,1.0,10,0.0,77,17,1,2631,636,18,492,0.0,510,1,4437,10,0,0,3.0,0.4,10.3,4,5.0,521,29,77,0,41,133110,1.0,0,510,0,34,0,51,2676,2631,0,5712,0.0,76,4,0,18.7,11,25,0,19,38,19,0,0,24,https://github.com/kundajelab/deeplift.git
22.3,591,0,1.0,64,0.0,463,6,5,5771,987,423,3130,0.0,1316,3,7977,11,0,0,3.0,0.5,30.4,8,5.0,612,223,463,0,29,239310,1.0,0,3490,0,132,0,158,6117,5771,0,14054,0.0,460,8,0,7.5,0,13,0,6,99,355,0,0,10,https://github.com/kwotsin/mimicry.git
8.3,603,0,1.0,26,0.0,210,45,9,6945,1440,115,1390,0.0,1098,6,11215,50,0,0,5.0,0.3,22.8,27,5.0,1458,72,210,5,36,336450,1.0,0,3309,0,106,0,152,7132,6945,0,16663,0.0,204,27,0,13.6,4,9,0,46,34,124,0,0,7,https://github.com/learnables/cherry.git
12.8,675,0,1.0,42,0.0,318,77,14,7909,1600,168,2450,0.0,1377,4,13262,55,0,0,5.0,0.3,20.9,28,5.0,1442,143,318,2,57,397860,1.0,0,3514,0,150,0,153,8083,7909,0,19176,0.0,314,28,0,10.7,3,12,0,76,56,182,0,0,11,https://github.com/learnables/learn2learn.git
39.3,186,0,1.0,43,0.0,412,80,1,4776,992,155,3008,0.0,2024,23,5687,225,0,0,5.0,1.2,10.8,64,5.0,1495,150,412,16,160,170610,1.0,0,687,0,91,0,7,4829,4776,0,7653,0.0,389,64,0,10.9,17,6,1,80,164,145,0,0,0,https://github.com/LiberAI/NSpM.git
3.5,1149,0,1.0,22,0.0,348,54,6,12467,2688,168,820,0.0,1818,10,17983,80,0,0,4.0,0.3,13.9,18,5.0,2526,56,348,0,120,539490,1.0,0,2895,0,156,0,272,12777,12467,0,23532,0.0,338,18,0,17.2,6,26,2,50,116,172,0,0,22,https://github.com/LoSealL/VideoSuperResolution.git
4.7,111,0,1.0,2,0.0,17,6,0,1187,247,6,86,0.0,141,0,1341,0,0,0,1.0,0.4,8.2,3,5.0,200,2,17,0,5,40230,1.0,0,120,0,11,0,28,1195,1187,0,1844,0.0,17,3,0,22.5,0,0,0,6,5,6,0,0,0,https://github.com/lucidrains/reformer-pytorch.git
0.8,229,0,1.0,2,0.0,40,3,0,2237,535,9,34,0.0,227,0,2805,0,0,0,1.0,0.3,20.3,6,5.0,466,2,40,0,28,84150,1.0,0,714,0,61,0,56,2294,2237,0,4237,0.0,40,6,0,8.8,1,21,0,4,27,9,0,0,21,https://github.com/lufficc/SSD.git
0.4,787,0,1.0,2,0.0,97,28,11,6735,1499,4,68,0.0,674,6,9942,30,0,0,3.0,0.2,34.7,8,5.0,1133,4,97,0,54,298260,1.0,0,5275,0,71,0,157,7470,6735,0,18183,0.0,91,8,0,21.1,5,35,0,28,44,15,0,0,29,https://github.com/magenta/ddsp.git
4.9,2656,0,1.0,57,0.0,650,154,49,28538,6286,232,3646,0.0,4462,15,44930,142,0,0,5.0,0.3,28.3,50,5.0,6000,216,650,4,211,1347900,1.0,0,17755,0,332,0,450,30343,28538,0,73797,0.0,635,50,0,18.9,9,86,0,160,194,281,0,0,75,https://github.com/magenta/magenta.git
1.3,430,0,1.0,3,0.0,42,5,0,2712,706,19,157,0.0,207,0,6679,0,0,0,1.0,0.1,33.4,1,5.0,415,4,42,0,18,200370,1.0,0,3349,0,97,0,58,3069,2712,0,11712,0.0,42,1,0,7.3,0,2,0,5,18,19,0,0,2,https://github.com/MAIF/melusine.git
0.0,610,60,1.0,0,0.0,216,39,2,6792,1483,120,0,0.0,1015,1,11299,5,0,0,5.0,0.3,11.5,62,5.0,1474,0,216,3,52,338970,5.0,0,1465,0,222,0,298,6876,6792,0,15633,0.0,213,62,2,6.7,1,3,0,40,51,122,1,1,3,https://github.com/mangaki/mangaki.git
0.0,167,0,1.0,0,0.0,31,5,16,1582,306,8,0,0.0,95,0,1874,0,0,0,1.0,0.2,27.7,4,5.0,234,0,31,0,2,56220,1.0,0,719,0,45,0,33,1684,1582,0,3544,0.0,31,4,0,6.8,0,0,0,5,2,24,0,0,0,https://github.com/mapbox/robosat.git
4.1,126,0,1.0,3,0.0,43,9,0,1771,361,27,183,0.0,242,0,2604,0,0,0,1.0,0.3,31.7,1,5.0,408,6,43,0,7,78120,1.0,0,1209,0,27,0,10,1920,1771,0,4513,0.0,43,1,0,13.4,5,1,0,9,8,26,0,0,1,https://github.com/MaybeShewill-CV/CRNN_Tensorflow.git
8.3,153,0,1.0,3,0.0,49,8,0,2085,410,19,460,0.0,269,0,3507,0,0,0,1.0,0.3,27.0,4,5.0,438,26,49,0,22,105210,1.0,0,1300,0,27,0,19,2271,2085,0,5553,0.0,49,4,0,15.2,20,0,0,13,17,19,0,0,0,https://github.com/MaybeShewill-CV/lanenet-lane-detection.git
16.0,590,0,1.0,30,0.0,110,34,22,6064,1220,9,2234,0.0,873,1,9388,5,0,0,3.0,0.3,20.4,6,5.0,1061,105,110,1,44,281640,1.0,0,2405,0,111,0,110,6652,6064,0,14004,0.0,109,6,0,11.0,6,15,0,41,37,31,0,0,14,https://github.com/medipixel/rl_algorithms.git
0.0,28,0,1.0,0,0.0,23,2,0,890,112,10,0,0.0,132,1,999,1,0,0,5.0,0.4,15.3,4,5.0,150,0,23,1,10,29970,1.0,0,181,0,38,0,5,893,890,0,1513,0.0,22,4,0,3.0,2,1,0,3,9,10,0,0,1,https://github.com/mesutpiskin/computer-vision-guide.git
15.9,486,0,1.0,20,0.0,389,116,14,7636,1884,143,2510,0.0,2427,2,11418,15,0,0,3.0,0.7,14.5,1,5.0,2492,75,389,0,116,342540,1.0,0,1944,0,168,0,103,7762,7636,0,15749,0.0,387,1,0,11.2,6,35,0,122,108,157,0,0,33,https://github.com/MIC-DKFZ/nnUNet.git
1.4,546,90,1.0,7,0.0,268,57,2,4927,1427,111,158,0.0,1478,0,5928,0,0,0,1.0,0.8,34.8,5,5.0,1642,11,268,3,95,177840,5.0,0,3170,0,51,0,49,5245,4927,0,10985,0.0,265,5,3,28.0,0,65,0,57,112,96,3,0,65,https://github.com/MIC-DKFZ/trixi.git
9.5,3460,305,1.0,65,0.0,809,116,107,27071,6674,284,6836,0.0,5067,11,46231,71,0,0,5.0,0.4,23.2,30,5.0,4765,303,809,9,293,1386930,5.0,0,13964,0,624,0,769,28097,27071,0,72253,0.0,787,30,11,10.7,26,7,2,112,286,389,11,0,0,https://github.com/microsoft/botbuilder-python.git
7.1,6130,0,1.0,125,0.0,1989,482,139,58304,15982,627,8290,0.0,12311,92,78443,591,0,0,5.0,0.5,17.7,28,5.0,17401,399,1989,22,719,2353290,1.0,0,16834,0,753,0,980,59648,58304,0,117189,0.0,1897,28,0,21.2,19,73,5,489,670,741,0,0,7,https://github.com/microsoft/DeepSpeed.git
6.5,1294,0,1.0,24,0.0,669,68,7,11862,2783,205,1586,0.0,3372,2,15002,15,0,0,3.0,0.7,23.0,13,5.0,2468,167,669,0,389,450060,1.0,0,4476,0,146,0,185,12258,11862,0,24239,0.0,667,13,0,19.1,0,345,1,68,388,211,0,0,344,https://github.com/microsoft/hummingbird.git
4.0,1727,0,1.0,27,0.0,1472,198,47,16310,3939,942,1591,0.0,5718,54,29393,494,0,0,5.0,0.6,9.9,43,5.0,4309,74,1472,11,274,881790,1.0,0,3234,0,190,0,117,16512,16310,0,39426,0.0,1418,43,0,20.7,35,20,2,174,261,983,0,0,3,https://github.com/microsoft/MMdnn.git
12.6,7614,0,1.0,194,0.0,1874,493,126,71976,18588,479,18201,0.0,12628,125,91920,940,0,0,5.0,0.5,24.2,186,5.0,19971,490,1874,5,771,2757600,1.0,0,29364,0,897,0,1627,74490,71976,0,144340,0.0,1749,186,0,20.7,33,194,5,498,651,600,0,0,80,https://github.com/microsoft/nni.git
2.1,268,0,1.0,5,0.0,34,4,2,2026,484,16,122,100.0,151,0,4049,0,0,0,1.0,0.1,20.5,0,1.0,332,6,34,0,12,121470,1.0,0,1041,0,48,0,44,2134,2026,0,5915,0.0,34,0,0,10.1,3,3,0,4,20,10,0,0,3,https://github.com/microsoft/tf2-gnn.git
4.2,5965,85,1.0,130,0.0,2063,423,181,63638,13884,397,6028,0.0,19461,101,100822,731,0,0,5.0,0.6,15.9,119,5.0,14627,371,2063,29,1033,3024660,5.0,0,19087,0,1452,0,1250,66069,63638,0,144167,0.0,1959,119,3,9.6,44,48,27,434,985,540,3,0,0,https://github.com/mindsdb/mindsdb.git
4.6,804,15,1.0,13,0.0,272,79,1,9794,2475,59,942,0.0,2784,9,13747,45,0,0,5.0,0.7,24.0,17,5.0,3146,41,272,3,130,412410,5.0,0,4333,0,86,0,100,10368,9794,0,20604,0.0,262,17,1,28.8,5,37,3,80,125,57,1,0,34,https://github.com/mittagessen/kraken.git
3.5,12174,360,1.0,141,0.0,1395,357,90,106534,22447,258,9974,0.0,10623,135,195830,688,0,0,5.0,0.2,19.3,349,5.0,16531,714,1395,20,670,5874900,5.0,0,46933,0,1122,0,970,109673,106534,0,283805,0.0,1248,349,12,20.0,23,245,22,354,582,311,12,0,119,https://github.com/mlflow/mlflow.git
7.5,4675,30,1.0,78,0.0,1351,327,133,55527,13075,396,9008,0.0,8884,69,76393,461,0,0,5.0,0.4,23.8,121,5.0,13874,212,1351,21,474,2291790,5.0,0,23906,0,656,0,709,57918,55527,0,120884,0.0,1281,121,1,19.9,58,85,1,329,443,508,1,0,39,https://github.com/mlperf/training.git
0.9,80,0,1.0,1,0.0,39,3,1,1313,220,2,20,0.0,198,10,1738,50,0,0,3.0,0.4,4.7,1,5.0,244,2,39,0,33,52140,1.0,0,85,0,13,0,13,1320,1313,0,2125,0.0,29,1,0,16.9,3,14,0,4,20,3,0,0,4,https://github.com/mnicnc404/CartoonGan-tensorflow.git
1.0,301,0,1.0,3,0.0,62,12,1,3195,765,21,60,0.0,301,2,4590,7,0,0,5.0,0.2,9.6,2,5.0,687,4,62,1,27,137700,1.0,0,488,0,53,0,43,3249,3195,0,6169,0.0,60,2,0,14.4,0,7,0,13,26,22,0,0,6,https://github.com/molecularsets/moses.git
6.2,1054,30,1.0,16,0.0,301,86,53,12593,3321,47,1983,0.0,3005,18,24335,90,0,0,5.0,0.4,7.2,16,5.0,4125,70,301,1,114,730050,3.0,0,1883,0,137,0,214,12657,12593,0,31876,0.0,282,16,1,24.2,52,16,1,87,96,99,0,1,0,https://github.com/mozilla/bugbug.git
20.0,996,0,1.0,80,0.0,357,34,6,12505,2303,162,6019,0.0,1625,21,19464,205,0,0,5.0,0.3,26.1,37,5.0,1962,515,357,18,137,583920,1.0,0,6869,0,234,0,178,12952,12505,0,30140,0.0,336,37,0,9.9,19,49,1,35,134,167,0,0,47,https://github.com/mpariente/asteroid.git
0.0,227,0,1.0,0,0.0,22,14,0,1904,459,2,0,0.0,111,2,2358,10,0,0,3.0,0.2,34.4,13,5.0,344,0,22,0,6,70740,1.0,0,1236,0,47,0,47,2027,1904,0,4358,0.0,20,13,0,9.8,2,4,0,16,2,2,0,0,2,https://github.com/MycroftAI/mycroft-precise.git
28.6,671,0,1.0,19,0.0,336,78,10,9138,2241,133,4887,0.0,2450,13,13337,115,0,0,5.0,0.6,11.9,15,5.0,2870,107,336,4,111,400110,1.0,0,1800,0,73,0,116,9310,9138,0,17069,0.0,323,15,0,30.7,4,10,2,78,112,133,0,0,3,https://github.com/namisan/mt-dnn.git
0.6,726,0,1.0,3,0.0,218,63,36,7433,1806,66,104,0.0,1187,3,10565,30,0,0,5.0,0.4,24.6,4,5.0,1989,6,218,2,51,316950,1.0,0,3439,0,46,0,121,7917,7433,0,16026,0.0,215,4,0,39.3,14,20,0,73,40,102,0,0,20,https://github.com/nanoporetech/medaka.git
23.8,240,0,1.0,31,0.0,80,2,0,2428,522,3,1046,0.0,392,2,2885,10,0,0,3.0,0.5,16.2,11,5.0,614,63,80,0,75,86550,1.0,0,559,0,47,0,72,2479,2428,0,4404,0.0,78,11,0,11.1,0,72,0,2,73,3,0,0,70,https://github.com/nerox8664/pytorch2keras.git
2.8,1707,0,1.0,14,0.0,524,132,11,19331,4900,132,1339,0.0,3576,18,30621,113,0,0,5.0,0.4,24.9,29,5.0,5570,57,524,3,246,918630,1.0,0,10153,0,282,0,235,20341,19331,0,48249,0.0,506,29,0,17.4,18,27,0,135,212,159,0,0,11,https://github.com/NervanaSystems/nlp-architect.git
10.3,808,0,1.0,24,0.0,256,89,28,8671,2218,44,2217,100.0,1759,6,11875,32,0,0,5.0,0.5,35.2,0,1.0,2537,112,256,2,93,356250,1.0,0,6459,0,80,0,93,9237,8671,0,21591,0.0,250,0,0,27.7,15,20,0,93,79,72,0,0,15,https://github.com/NeuromorphicProcessorProject/snn_toolbox.git
4.7,1973,10,1.0,44,0.0,766,185,7,19714,4431,312,1723,0.0,4271,12,25584,73,0,0,4.0,0.6,16.5,34,5.0,4189,78,766,0,262,767520,4.0,0,5042,0,283,0,521,20271,19714,0,36466,0.0,752,34,2,15.7,7,60,1,189,247,316,2,0,47,https://github.com/nicolas-chaulet/torch-points3d.git
5.7,807,0,1.0,24,0.0,121,7,1,7050,1271,50,1177,100.0,437,20,13197,46,0,0,3.0,0.1,25.0,0,1.0,665,62,121,0,63,395910,1.0,0,4410,0,174,0,162,7335,7050,0,20580,0.0,101,0,0,7.3,0,35,0,7,48,46,0,0,15,https://github.com/norse/norse.git
4.2,938,0,1.0,35,0.0,370,37,6,11517,2150,169,1289,0.0,1560,23,15679,121,0,0,5.0,0.3,37.9,8,5.0,1894,68,370,1,157,470370,1.0,0,9557,0,147,0,127,11908,11517,0,30488,0.0,347,8,0,14.6,1,88,2,37,141,169,0,0,68,https://github.com/nussl/nussl.git
1.5,945,0,1.0,10,0.0,247,51,0,11160,2518,67,384,0.0,2156,10,14723,52,0,0,3.0,0.5,30.2,12,5.0,2626,16,247,0,129,441690,1.0,0,6369,0,143,0,123,11858,11160,0,25461,0.0,237,12,0,17.6,11,48,0,60,116,62,0,0,40,https://github.com/nutonomy/nuscenes-devkit.git
11.6,13984,0,1.0,459,0.0,6067,1431,372,175202,45246,1875,51133,0.0,42078,296,286038,2032,0,0,5.0,0.5,24.2,307,5.0,55877,2209,6067,58,2331,8581140,1.0,0,91539,0,1678,0,2391,181275,175202,0,441879,0.0,5771,307,0,27.0,54,410,16,1454,2202,2115,0,0,177,https://github.com/NVIDIA/NeMo.git
7.4,1761,0,1.0,34,0.0,456,55,85,16219,3639,198,3310,0.0,2231,26,27350,126,0,0,4.0,0.3,30.6,34,5.0,3268,271,456,0,118,820500,1.0,0,12074,0,173,0,200,16729,16219,0,44645,0.0,430,34,0,21.0,1,33,2,54,99,277,0,0,10,https://github.com/NVIDIAGameWorks/kaolin.git
0.7,239,0,1.0,2,0.0,243,11,1,2445,510,196,42,0.0,815,8,3900,40,0,0,3.0,0.7,24.3,1,5.0,441,2,243,0,35,117000,1.0,0,1251,0,56,0,12,2498,2445,0,6397,0.0,235,1,0,9.1,2,22,0,13,25,197,0,0,12,https://github.com/nyanp/nyaggle.git
12.8,1410,0,1.0,66,0.0,168,59,19,10978,2686,51,3628,0.0,1367,3,21673,28,0,0,4.0,0.2,10.6,5,5.0,2437,238,168,0,39,650190,1.0,0,2568,0,217,0,631,11183,10978,0,28393,0.0,165,5,0,12.4,3,5,0,60,35,70,0,0,3,https://github.com/nyu-mll/jiant.git
7.4,1366,0,1.0,46,0.0,911,72,3,18387,3420,314,2256,0.0,5600,20,22608,148,0,0,5.0,0.8,9.7,1,5.0,3489,199,911,2,520,678240,1.0,0,2417,0,127,0,132,18554,18387,0,30411,0.0,891,1,0,26.9,4,292,3,72,505,314,0,0,278,https://github.com/onnx/keras-onnx.git
8.3,665,0,1.0,40,0.0,454,74,5,11962,2104,253,2409,100.0,2595,5,21754,45,0,0,3.0,0.4,13.4,0,1.0,2752,131,454,1,121,652620,1.0,0,3363,0,282,0,101,12122,11962,0,29156,0.0,449,0,0,7.5,0,59,0,75,116,258,0,0,50,https://github.com/onnx/onnxmltools.git
3.2,1043,0,1.0,19,0.0,208,49,16,10411,2440,39,669,0.0,1583,11,15598,100,0,0,5.0,0.3,11.9,1,5.0,2568,36,208,5,99,467940,1.0,0,2101,0,218,0,209,10524,10411,0,20791,0.0,197,1,0,11.2,29,32,2,51,92,53,0,0,26,https://github.com/onnx/onnx-tensorflow.git
5.9,7162,0,1.0,117,0.0,1036,515,5,69505,19509,177,7289,0.0,8869,43,90430,302,0,0,5.0,0.3,12.6,10,5.0,20201,381,1036,14,325,2712900,1.0,0,13091,0,681,0,1405,70598,69505,0,123137,0.0,993,10,0,28.6,78,78,0,581,230,182,0,0,48,https://github.com/opencv/open_model_zoo.git
6.6,3707,0,1.0,62,0.0,491,187,78,33491,8550,34,6087,0.0,2742,64,59533,352,0,0,4.0,0.2,25.0,1,5.0,7052,290,491,1,191,1785990,1.0,0,19855,0,587,0,752,36448,33491,0,91794,0.0,427,1,0,14.6,6,121,5,199,121,107,0,0,64,https://github.com/opencv/openvino_training_extensions.git
2.9,5587,90,1.0,27,0.0,1229,313,182,47774,12597,130,3147,0.0,9892,84,83200,1814,0,0,5.0,0.4,8.7,204,5.0,11949,119,1229,64,540,2496000,5.0,0,7905,0,468,0,700,48333,47774,0,107459,0.0,1142,204,3,26.9,80,33,2,318,519,305,3,0,7,https://github.com/OpenMined/PySyft.git
18.5,4753,0,1.0,620,0.0,2340,749,202,79818,14151,555,43488,0.0,14845,225,161684,1233,0,0,5.0,0.3,23.5,62,5.0,16654,2406,2340,13,821,4850520,1.0,0,49758,0,1951,0,1055,82905,79818,0,235030,0.0,2115,62,0,7.3,34,397,9,788,594,733,0,0,185,https://github.com/open-mmlab/mmdetection.git
23.3,474,0,1.0,54,0.0,121,34,2,5863,1091,32,2905,0.0,651,5,9704,35,0,0,5.0,0.2,8.6,8,5.0,1141,169,121,2,51,291120,1.0,0,911,0,161,0,71,5937,5863,0,12456,0.0,116,8,0,6.8,5,6,3,37,48,31,0,0,6,https://github.com/open-mmlab/mmfashion.git
28.7,364,0,1.0,23,0.0,218,27,0,4965,1082,118,2639,0.0,1197,3,6834,13,0,0,3.0,0.6,11.4,17,5.0,1303,50,218,0,73,205020,1.0,0,879,0,95,0,48,5008,4965,0,9185,0.0,215,17,0,11.4,3,26,0,30,67,118,0,0,23,https://github.com/open-mmlab/mmskeleton.git
11.8,1147,0,1.0,20,0.0,451,200,12,14179,3775,98,4170,0.0,3717,35,27234,202,0,0,5.0,0.5,14.1,22,5.0,5385,196,451,3,138,817020,1.0,0,4473,0,152,0,202,14826,14179,0,35422,0.0,416,22,0,24.8,6,34,2,197,124,95,0,0,7,https://github.com/OpenNMT/OpenNMT-py.git
0.6,1237,0,1.0,4,0.0,135,60,5,9967,2648,27,134,0.0,1175,1,16206,10,0,0,3.0,0.2,21.2,1,5.0,2257,8,135,0,43,486180,1.0,0,4370,0,115,0,197,10607,9967,0,23565,0.0,134,1,0,23.0,28,5,0,60,40,32,0,0,4,https://github.com/OpenNMT/OpenNMT-tf.git
16.2,1162,0,1.0,52,0.0,1003,108,9,14928,3439,613,4290,0.0,4806,28,18839,125,0,0,5.0,0.9,13.7,53,5.0,4058,198,1003,14,259,565170,1.0,0,2993,0,177,0,249,15157,14928,0,26488,0.0,975,53,0,19.4,21,19,1,115,241,619,0,0,6,https://github.com/openseg-group/openseg.pytorch.git
0.0,614,0,1.0,0,0.0,206,24,0,3923,849,144,0,0.0,705,18,5806,130,0,0,4.0,0.4,14.7,10,5.0,401,0,206,3,35,174180,1.0,0,1004,0,40,0,120,4024,3923,0,8165,0.0,188,10,0,21.2,2,25,0,26,18,144,0,0,8,https://github.com/ottogroup/palladium.git
16.0,169,0,1.0,2,0.0,50,13,0,1681,493,20,426,0.0,310,0,1907,0,0,0,1.0,0.5,13.5,5,5.0,597,2,50,0,17,57210,1.0,0,298,0,23,0,23,1723,1681,0,2668,0.0,50,5,0,21.4,0,1,0,13,17,20,0,0,1,https://github.com/ownthink/Jiagu.git
13.1,275,0,1.0,25,0.0,178,12,0,6111,793,32,1787,0.0,907,3,7993,25,0,0,5.0,0.4,32.4,11,5.0,978,64,178,2,132,239790,1.0,0,3835,0,72,0,24,6412,6111,0,13625,0.0,175,11,0,11.0,2,93,0,12,131,32,0,0,92,https://github.com/PacktPublishing/Advanced-Deep-Learning-with-Keras.git
24.1,574,0,1.0,59,0.0,163,11,3,9957,1757,58,3463,0.0,944,2,10995,10,0,0,3.0,0.3,5.6,15,5.0,2460,168,163,0,91,329850,1.0,0,657,0,144,0,142,10014,9957,0,14388,0.0,161,15,0,12.2,1,50,0,11,89,61,0,0,48,https://github.com/PacktPublishing/Deep-Reinforcement-Learning-Hands-On.git
58.5,3295,0,1.0,242,0.0,1317,389,11,42405,10526,551,51126,0.0,9985,26,59592,203,0,0,5.0,0.6,20.9,45,5.0,12958,1281,1317,11,355,1787760,1.0,0,15746,0,421,0,590,43646,42405,0,87355,0.0,1291,45,0,25.1,45,42,4,425,321,545,0,0,30,https://github.com/PaddlePaddle/models.git
34.1,3855,30,1.0,322,0.0,1453,211,6,39647,7959,676,27496,0.0,8000,68,50513,488,0,0,5.0,0.5,24.1,108,5.0,7088,947,1453,33,527,1515390,5.0,0,16009,0,632,0,839,40784,39647,0,80750,0.0,1384,108,1,12.7,75,317,1,256,450,678,1,0,281,https://github.com/PaddlePaddle/PARL.git
0.7,253,0,1.0,1,0.0,137,19,42,2909,669,54,42,0.0,733,1,3851,5,0,0,3.0,0.6,24.9,7,5.0,699,2,137,0,22,115530,1.0,0,1276,0,39,0,14,3108,2909,0,6018,0.0,136,7,0,17.2,2,1,0,19,21,96,0,0,0,https://github.com/persephone-tools/persephone.git
1.0,410,0,1.0,4,0.0,79,14,12,3659,868,12,88,0.0,279,22,4596,145,0,0,3.0,0.2,36.0,62,5.0,773,4,79,0,41,137880,1.0,0,2581,0,131,0,55,3795,3659,0,8816,0.0,57,62,0,6.6,0,23,1,14,20,23,0,0,2,https://github.com/PetrochukM/PyTorch-NLP.git
31.0,2325,0,1.0,42,0.0,1205,83,35,19792,4631,474,20869,0.0,5023,23,43562,66,0,0,5.0,0.4,29.0,2,5.0,3877,314,1205,14,599,1306860,1.0,0,17762,0,167,0,286,20516,19792,0,67353,0.0,1182,2,0,27.7,12,505,1,90,584,508,0,0,490,https://github.com/pgmpy/pgmpy.git
0.0,104,0,1.0,0,0.0,53,2,2,1115,198,3,0,0.0,251,1,1267,5,0,0,4.0,0.7,19.0,1,5.0,117,0,53,0,46,38010,1.0,0,298,0,19,0,12,1117,1115,0,1913,0.0,52,1,0,10.4,7,20,0,5,41,5,0,0,20,https://github.com/philipperemy/deep-speaker.git
2.7,65,0,1.0,2,0.0,64,14,0,973,186,10,44,100.0,664,0,1084,0,0,0,1.0,2.0,21.8,0,1.0,317,2,64,0,40,32520,1.0,0,302,0,18,0,6,982,973,0,1648,0.0,64,0,0,10.3,1,23,0,14,40,10,0,0,23,https://github.com/philipperemy/keract.git
5.0,58,0,1.0,4,0.0,34,2,1,1014,157,6,98,0.0,243,0,1335,0,0,0,1.0,0.6,19.4,1,5.0,178,6,34,0,25,40050,1.0,0,321,0,29,0,6,1030,1014,0,1977,0.0,34,1,0,5.4,0,16,0,2,25,7,0,0,15,https://github.com/philipperemy/keras-tcn.git
17.3,174,0,1.0,5,0.0,154,4,0,1678,292,112,591,100.0,516,18,2140,38,0,0,3.0,0.8,21.1,0,1.0,199,18,154,0,38,64200,1.0,0,572,0,34,0,37,1721,1678,0,3418,0.0,136,0,0,8.6,0,18,0,4,21,111,0,0,0,https://github.com/piEsposito/blitz-bayesian-deep-learning.git
8.0,3744,10,1.0,38,0.0,1850,594,66,43495,9713,648,7245,0.0,11127,238,58066,1985,0,0,5.0,0.6,26.0,99,5.0,11115,137,1850,25,517,1741980,4.0,0,20416,0,566,0,602,44912,43495,0,91019,0.0,1611,99,1,17.4,27,264,0,595,308,708,1,0,53,https://github.com/plasticityai/magnitude.git
6.3,1266,0,1.0,42,0.0,539,82,4,14492,3113,285,2677,0.0,2772,9,22416,46,0,0,3.0,0.4,37.9,32,5.0,2897,92,539,0,168,672480,1.0,0,13687,0,296,0,223,15183,14492,0,42220,0.0,530,32,0,10.5,9,22,0,89,152,289,0,0,13,https://github.com/PreferredAI/cornac.git
5.0,6737,0,1.0,190,0.0,1409,358,26,76537,18900,312,10747,0.0,8647,40,128862,244,0,0,5.0,0.2,31.5,40,5.0,18812,512,1409,2,711,3865860,1.0,0,59326,0,1123,0,2064,79794,76537,0,214996,0.0,1369,40,0,16.8,37,427,7,365,673,331,0,0,410,https://github.com/Project-MONAI/MONAI.git
15.3,1016,0,1.0,27,0.0,669,55,5,10714,2090,327,2178,0.0,5125,1,11206,10,0,0,5.0,1.5,7.8,8,5.0,2174,188,669,1,281,336180,1.0,0,951,0,93,0,136,10927,10714,0,14277,0.0,668,8,0,22.5,1,5,0,55,291,322,0,0,5,https://github.com/pyprob/pyprob.git
5.7,1810,0,1.0,17,0.0,381,50,67,16935,3977,138,2082,0.0,1842,32,26713,141,0,0,5.0,0.2,13.4,3,5.0,3236,159,381,8,118,801390,1.0,0,4126,0,118,0,155,17182,16935,0,36707,0.0,349,3,0,33.7,8,34,0,50,94,205,0,0,10,https://github.com/pyro-ppl/funsor.git
5.8,6265,0,1.0,82,0.0,1634,231,70,56416,13174,1032,7797,0.0,6813,89,88394,343,0,0,5.0,0.3,23.4,8,5.0,10942,444,1634,30,271,2651820,1.0,0,26974,0,627,0,755,57998,56416,0,133298,0.0,1545,8,0,21.0,30,66,0,231,215,1099,0,0,7,https://github.com/pyro-ppl/pyro.git
8.2,3558,0,1.0,97,0.0,579,83,12,33350,6703,205,7752,0.0,3191,45,57267,271,0,0,5.0,0.2,26.8,81,5.0,4562,305,579,11,268,1718010,1.0,0,20965,0,530,0,714,34925,33350,0,94062,0.0,534,81,0,12.6,13,68,3,81,245,208,0,0,39,https://github.com/pytorch/audio.git
0.0,105,0,1.0,0,0.0,15,2,3,1075,218,0,0,0.0,40,0,1944,0,0,0,1.0,0.1,17.8,4,5.0,198,0,15,0,10,58320,1.0,0,422,0,21,0,8,1102,1075,0,2954,0.0,15,4,0,10.9,0,0,0,2,10,3,0,0,0,https://github.com/pytorch/elastic.git
7.8,8102,0,1.0,203,0.0,1929,490,141,84387,22411,482,15222,0.0,15573,96,145253,604,0,0,5.0,0.4,12.6,173,5.0,23731,666,1929,12,804,4357590,1.0,0,20991,0,1007,0,1468,86504,84387,0,193985,0.0,1833,173,0,22.3,15,197,12,498,730,605,0,0,123,https://github.com/pytorch/fairseq.git
9.5,3880,0,1.0,86,0.0,597,146,7,32527,7200,95,6907,0.0,4372,44,44383,222,0,0,3.0,0.3,24.6,31,5.0,5037,504,597,0,349,1331490,1.0,0,14454,0,312,0,308,32991,32527,0,72856,0.0,553,31,0,23.1,1,163,2,147,306,100,0,0,121,https://github.com/pytorch/ignite.git
5.5,888,0,1.0,39,0.0,215,33,23,8828,1871,77,1226,0.0,1356,6,14399,35,0,0,5.0,0.3,23.0,40,5.0,1662,67,215,2,80,431970,1.0,0,4306,0,167,0,132,9129,8828,0,22458,0.0,209,40,0,11.2,2,4,0,33,78,98,0,0,0,https://github.com/pytorch/text.git
3.2,4822,0,1.0,66,0.0,931,207,122,43676,11290,265,3482,0.0,6343,43,72914,324,0,0,5.0,0.3,20.6,157,5.0,9439,218,931,23,314,2187420,1.0,0,18975,0,353,0,986,44706,43676,0,109333,0.0,888,157,0,32.0,26,41,2,210,293,385,0,0,23,https://github.com/pytorch/vision.git
4.9,10420,205,1.0,158,0.0,1179,432,244,78654,19225,80,8619,0.0,7679,119,114872,722,0,0,5.0,0.2,21.1,157,5.0,12241,363,1179,24,399,3446160,5.0,0,30764,0,1129,0,2108,82102,78654,0,176440,0.0,1049,157,11,17.0,16,109,2,432,297,320,8,3,8,https://github.com/PyTorchLightning/pytorch-lightning.git
24.2,935,0,1.0,13,0.0,225,73,19,9315,2347,28,8329,0.0,1755,10,24963,66,0,0,3.0,0.2,18.6,16,5.0,2660,24,225,0,105,748890,1.0,0,5708,0,253,0,212,10028,9315,0,34400,0.0,215,16,0,9.3,0,39,1,73,96,46,0,0,30,https://github.com/QData/TextAttack.git
4.9,3907,0,1.0,82,0.0,845,208,89,41135,9564,144,4923,0.0,6810,142,53768,472,0,0,3.0,0.4,36.9,5,5.0,11133,372,845,26,378,1613040,1.0,0,31399,0,605,0,551,45364,41135,0,100187,0.0,703,5,0,15.8,25,143,4,259,218,226,0,0,5,https://github.com/Qiskit/qiskit-aqua.git
1.6,1909,0,1.0,15,0.0,88,40,2,12755,3054,6,550,0.0,627,12,23594,95,0,0,5.0,0.1,18.9,23,5.0,1596,19,88,1,39,707820,1.0,0,5488,0,168,0,231,13612,12755,0,34447,0.0,76,23,0,18.4,4,7,1,37,32,7,0,0,0,https://github.com/quantumblacklabs/kedro.git
1.5,13582,10,1.0,74,0.0,1527,566,61,90785,23683,259,3823,0.0,8707,217,156013,1103,0,0,5.0,0.2,26.8,267,5.0,13991,235,1527,6,635,4680390,4.0,0,57115,0,1184,0,1512,94876,90785,0,253114,0.0,1308,267,2,20.0,34,427,0,551,444,313,2,0,232,https://github.com/quantumlib/Cirq.git
13.7,803,210,1.0,34,0.0,297,90,18,12027,2861,71,3993,0.0,2972,8,20390,70,0,0,5.0,0.5,20.2,4,5.0,3828,171,297,9,109,611700,5.0,0,5158,0,141,0,126,12411,12027,0,29198,0.0,282,4,7,20.7,9,11,1,97,97,88,7,0,6,https://github.com/r9y9/nnsvs.git
1.9,647,0,1.0,7,0.0,274,11,25,4956,1171,109,231,0.0,1077,9,8652,65,0,0,5.0,0.4,14.2,2,5.0,709,14,274,5,124,259560,1.0,0,1437,0,109,0,80,5131,4956,0,12434,0.0,265,2,0,10.7,38,30,0,10,121,134,0,0,27,https://github.com/rail-berkeley/softlearning.git
3.5,34962,100,1.0,419,0.0,8294,1720,1469,311834,75128,2145,28190,0.0,45702,382,540705,2598,0,0,5.0,0.3,21.8,971,5.0,67844,1102,8294,57,2903,16221150,5.0,0,151015,0,3553,0,5444,322817,311834,0,809423,0.0,7907,971,5,21.2,92,861,9,1708,2616,3581,5,0,562,https://github.com/ray-project/ray.git
5.4,770,60,1.0,10,0.0,142,47,11,5795,1524,47,776,0.0,699,0,10682,0,0,0,1.0,0.2,11.3,16,5.0,1220,43,142,4,33,320460,5.0,0,1356,0,45,0,104,6110,5795,0,14488,0.0,140,16,2,33.9,0,4,0,49,33,58,2,0,4,https://github.com/regel/loudml.git
1.4,120,0,1.0,1,0.0,183,28,5,2491,478,75,74,0.0,995,6,3867,58,0,0,4.0,0.9,14.8,1,5.0,676,4,183,0,75,116010,1.0,0,672,0,18,0,12,2562,2491,0,5166,0.0,177,1,0,26.6,4,21,0,24,73,80,0,0,16,https://github.com/RexYing/gnn-model-explainer.git
9.4,623,0,1.0,19,0.0,110,13,0,6152,1443,55,1085,0.0,618,5,8496,48,0,0,4.0,0.2,13.7,6,5.0,1329,43,110,1,41,254880,1.0,0,1352,0,122,0,71,6407,6152,0,11495,0.0,105,6,0,11.8,4,3,0,12,43,50,0,0,1,https://github.com/ria-com/nomeroff-net.git
2.6,155,0,1.0,2,0.0,108,8,0,1717,379,35,71,0.0,486,1,1904,5,0,0,5.0,0.9,14.6,5,5.0,412,2,108,1,64,57120,1.0,0,325,0,24,0,26,1719,1717,0,2716,0.0,107,5,0,15.8,1,6,0,8,68,31,0,0,6,https://github.com/richzhang/colorization-pytorch.git
11.3,2573,0,1.0,146,0.0,270,42,0,24609,4324,23,8263,0.0,2223,17,42988,85,0,0,4.0,0.2,33.2,11,5.0,2736,464,270,0,205,1289640,1.0,0,21394,0,561,0,403,26901,24609,0,73254,0.0,253,11,0,7.7,40,61,0,39,191,23,0,0,47,https://github.com/rlworkgroup/garage.git
7.7,7639,0,1.0,153,0.0,3144,732,400,57128,16503,800,12853,0.0,15478,66,64086,609,0,0,5.0,0.8,55.0,11,5.0,15062,343,3144,20,1192,1922580,1.0,0,78419,0,854,0,1159,65505,57128,0,167024,0.0,3078,11,0,19.4,17,102,16,737,1157,1184,0,0,68,https://github.com/robotlearn/pyrobolearn.git
1.9,904,0,1.0,11,0.0,303,90,6,10148,2434,131,452,0.0,1910,4,16462,35,0,0,5.0,0.4,20.1,34,5.0,2816,20,303,3,73,493860,1.0,0,4141,0,130,0,122,10671,10148,0,24413,0.0,299,34,0,18.7,8,6,0,93,77,129,0,0,3,https://github.com/RTIInternational/gobbli.git
5.3,6338,10,1.0,211,0.0,920,293,106,73379,16187,235,8223,0.0,6613,118,102406,607,0,0,5.0,0.2,20.9,56,5.0,15752,461,920,3,283,3072180,4.0,0,27047,0,1225,0,1039,74916,73379,0,155654,0.0,800,56,2,13.2,9,136,3,288,174,338,2,0,11,https://github.com/rusty1s/pytorch_geometric.git
4.6,4189,0,1.0,66,0.0,942,278,10,35825,9973,211,3946,0.0,9748,27,62960,156,0,0,5.0,0.5,15.2,27,5.0,9487,237,942,3,440,1888800,1.0,0,11312,0,258,0,711,37304,35825,0,85158,0.0,915,27,0,38.7,5,52,1,280,415,220,0,0,28,https://github.com/rwightman/pytorch-image-models.git
5.8,7575,120,1.0,63,0.0,2677,575,85,89279,24192,672,11609,0.0,26761,108,138002,884,0,0,5.0,0.6,25.0,44,5.0,28178,640,2677,10,1335,4140060,4.0,0,46015,0,305,0,775,95123,89279,0,199816,0.0,2557,44,12,79.8,102,237,4,570,1234,752,12,0,139,https://github.com/rwth-i6/returnn.git
6.6,901,0,1.0,31,0.0,732,57,31,9419,1908,549,2057,0.0,2156,20,17338,153,0,0,3.0,0.4,35.6,1,5.0,1612,108,732,0,95,520140,1.0,0,9588,0,144,0,98,9892,9419,0,31219,0.0,712,1,0,13.3,5,66,0,60,73,581,0,0,50,https://github.com/scikit-learn-contrib/imbalanced-learn.git
0.0,146,0,1.0,0,0.0,45,2,0,1652,314,22,0,0.0,251,1,2589,10,0,0,5.0,0.3,16.3,28,5.0,267,0,45,1,20,77670,1.0,0,506,0,40,0,50,1696,1652,0,3599,0.0,44,28,0,7.9,1,10,0,2,20,22,0,0,10,https://github.com/SeanNaren/deepspeech.pytorch.git
9.3,1413,0,1.0,84,0.0,943,74,68,16712,3543,366,4058,0.0,4332,17,24092,86,0,0,5.0,0.6,38.4,5,5.0,3469,227,943,2,433,722760,1.0,0,15029,0,281,0,241,17686,16712,0,43654,0.0,926,5,0,12.6,62,289,0,92,400,434,0,0,270,https://github.com/SeldonIO/alibi-detect.git
1.2,202,0,1.0,4,0.0,49,20,0,3548,534,8,114,0.0,288,0,6406,0,0,0,1.0,0.1,22.2,7,5.0,538,8,49,0,21,192180,1.0,0,1826,0,69,0,34,3667,3548,0,9670,0.0,49,7,0,7.7,1,0,0,21,20,8,0,0,0,https://github.com/serengil/deepface.git
4.2,274,0,1.0,5,0.0,100,56,0,2665,519,8,164,0.0,598,0,3019,0,0,0,1.0,0.7,4.9,1,5.0,385,6,100,8,28,90570,1.0,0,156,0,33,0,60,2676,2665,0,3887,0.0,100,1,0,15.7,0,6,0,64,28,8,0,0,6,https://github.com/ShangtongZhang/DeepRL.git
2.4,399,0,1.0,8,0.0,162,97,0,5797,1397,26,496,0.0,1367,2,16595,12,0,0,5.0,0.3,12.1,7,5.0,1747,12,162,1,38,497850,1.0,0,2294,0,111,0,64,6076,5797,0,20328,0.0,160,7,0,12.6,3,4,0,99,42,19,0,0,3,https://github.com/shibing624/pycorrector.git
4.9,215,0,1.0,4,0.0,136,6,0,2312,421,119,215,0.0,364,4,2750,17,0,0,3.0,0.4,22.9,2,5.0,311,6,136,0,11,82500,1.0,0,815,0,49,0,52,2349,2312,0,4368,0.0,132,2,0,8.6,0,8,2,6,9,117,0,0,6,https://github.com/silvandeleemput/memcnn.git
37.9,1326,0,1.0,110,0.0,605,230,13,18532,3933,126,11957,0.0,4099,25,21772,130,0,0,5.0,0.6,14.3,15,5.0,4734,686,605,3,233,653160,1.0,0,3619,0,166,0,227,18806,18532,0,31521,0.0,580,15,0,23.7,4,89,0,229,212,139,0,0,25,https://github.com/snap-stanford/ogb.git
2.1,649,0,1.0,8,0.0,175,6,2,5404,1136,125,286,0.0,550,0,7625,0,0,0,1.0,0.2,35.6,4,5.0,761,18,175,1,41,228750,1.0,0,4222,0,146,0,152,5678,5404,0,13838,0.0,175,4,0,7.8,5,14,0,12,36,127,0,0,14,https://github.com/snorkel-team/snorkel.git
1.6,976,0,1.0,12,0.0,769,62,11,11656,2198,170,403,0.0,4555,33,16813,213,0,0,5.0,0.9,16.4,13,5.0,2224,28,769,10,516,504390,1.0,0,3300,0,213,0,125,11991,11656,0,25514,0.0,736,13,0,10.3,26,142,1,73,493,170,0,0,120,https://github.com/SPFlow/SPFlow.git
43.5,399,0,1.0,23,0.0,671,163,0,9071,2022,217,6263,0.0,5986,6,10818,51,0,0,5.0,1.8,19.9,20,5.0,4449,338,671,4,287,324540,1.0,0,2685,0,36,0,76,9082,9071,0,14399,0.0,665,20,0,56.2,4,10,0,165,283,217,0,0,7,https://github.com/SpursLipu/YOLOv3-ModelCompression-MultidatasetTraining-Multibackbone.git
8.4,1340,0,1.0,35,0.0,291,47,27,11869,2812,81,2562,0.0,1468,3,20934,20,0,0,5.0,0.2,18.4,24,5.0,2350,102,291,1,135,628020,1.0,0,4729,0,230,0,195,12148,11869,0,30668,0.0,288,24,0,12.2,27,39,0,47,133,106,0,0,37,https://github.com/sql-machine-learning/elasticdl.git
0.7,3048,30,1.0,18,0.0,1067,357,175,38682,10190,293,528,0.0,8287,45,52394,325,0,0,5.0,0.5,22.4,96,5.0,12957,26,1067,17,225,1571820,5.0,0,15097,0,481,0,261,40438,38682,0,77953,0.0,1021,96,1,21.2,16,36,3,367,203,451,1,0,5,https://github.com/stanfordnlp/stanza.git
3.7,1669,0,1.0,23,0.0,969,90,21,17337,3554,555,1808,0.0,4454,23,27974,135,0,0,5.0,0.5,30.5,36,5.0,2977,83,969,3,300,839220,1.0,0,12288,0,156,0,201,17963,17337,0,48597,0.0,946,36,0,22.8,10,76,0,102,282,562,0,0,55,https://github.com/stellargraph/stellargraph.git
0.3,295,0,1.0,1,0.0,94,40,0,2273,528,19,22,0.0,584,0,2705,0,0,0,1.0,0.7,52.1,4,5.0,364,2,94,1,34,81150,1.0,0,2945,0,70,0,46,2513,2273,0,6593,0.0,94,4,0,7.5,0,11,0,41,37,16,0,0,11,https://github.com/stephenhky/PyShortTextCategorization.git
1.6,5652,60,1.0,32,0.0,1216,432,62,41206,9287,319,1964,0.0,7675,84,69851,675,0,0,5.0,0.4,30.8,127,5.0,5745,79,1216,8,395,2095530,5.0,0,31162,0,707,0,723,44476,41206,0,123082,0.0,1130,127,2,13.1,10,153,0,429,322,379,2,0,78,https://github.com/streamlit/streamlit.git
1.7,844,30,1.0,7,0.0,340,137,16,8541,2121,79,274,0.0,2059,6,12194,65,0,0,5.0,0.6,5.7,30,5.0,2233,10,340,2,106,365820,2.0,0,741,0,121,0,103,8608,8541,0,16099,0.0,333,30,1,17.5,4,10,1,136,104,93,0,0,9,https://github.com/studioml/studio.git
3.9,326,0,1.0,6,0.0,76,17,2,3840,650,13,310,0.0,525,2,4623,10,0,0,3.0,0.4,30.8,2,5.0,576,17,76,0,44,138690,1.0,0,2058,0,45,0,68,4054,3840,0,7990,0.0,74,2,0,14.4,0,24,0,17,42,15,0,0,22,https://github.com/Sujit-O/pykg2vec.git
6.0,791,0,1.0,8,0.0,197,47,27,6381,1631,54,873,0.0,844,8,9537,50,0,0,4.0,0.3,25.4,16,5.0,1403,25,197,0,69,286110,1.0,0,3250,0,108,0,148,6786,6381,0,14477,0.0,189,16,0,15.1,2,22,0,45,63,81,0,0,16,https://github.com/SurrealAI/surreal.git
3.0,586,0,1.0,7,0.0,235,74,14,6212,1496,25,461,0.0,1757,9,9406,65,0,0,5.0,0.6,28.1,9,5.0,1482,24,235,3,119,282180,1.0,0,3672,0,54,0,6,6496,6212,0,15128,0.0,226,9,0,27.7,8,9,1,76,112,38,0,0,5,https://github.com/taehoonlee/tensornets.git
5.4,1870,0,1.0,37,0.0,525,29,33,16138,3328,36,2557,0.0,2616,33,28385,167,0,0,3.0,0.3,29.8,2,5.0,2180,139,525,0,427,851550,1.0,0,12033,0,265,0,140,16857,16138,0,47751,0.0,492,2,0,12.6,102,254,0,37,370,69,0,0,221,https://github.com/tensorflow/addons.git
8.6,841,0,1.0,13,0.0,93,30,10,6486,1493,0,1334,0.0,615,1,9288,5,0,0,3.0,0.2,30.3,6,5.0,1033,37,93,0,53,278640,1.0,0,4031,0,74,0,120,6900,6486,0,15532,0.0,92,6,0,20.2,37,3,0,30,52,10,0,0,2,https://github.com/tensorflow/compression.git
1.6,1438,0,1.0,13,0.0,210,81,56,12062,2985,7,862,0.0,1287,2,41798,10,0,0,4.0,0.1,15.0,4,5.0,2481,35,210,0,66,1253940,1.0,0,7397,0,120,0,204,12800,12062,0,53462,0.0,208,4,0,24.9,2,42,0,83,62,63,0,0,41,https://github.com/tensorflow/data-validation.git
5.3,8404,0,1.0,108,0.0,752,197,188,56656,12839,20,9491,0.0,4183,31,123629,170,0,0,5.0,0.1,22.1,39,5.0,7539,488,752,3,344,3708870,1.0,0,35038,0,612,0,1088,59147,56656,0,180167,0.0,721,39,0,21.0,233,47,3,195,224,205,0,0,24,https://github.com/tensorflow/federated.git
3.7,2041,0,1.0,45,0.0,936,57,13,19800,3464,26,2070,0.0,4810,5,33679,19,0,0,3.0,0.5,30.3,15,5.0,2232,88,936,0,840,1010370,1.0,0,14623,0,335,0,204,21690,19800,0,56602,0.0,931,15,0,10.3,69,700,1,62,823,38,0,0,696,https://github.com/tensorflow/graphics.git
4.0,1686,0,1.0,15,0.0,240,86,48,15706,4139,14,1674,0.0,2046,29,25003,172,0,0,3.0,0.3,32.4,9,5.0,4117,71,240,0,92,750090,1.0,0,11999,0,78,0,197,16750,15706,0,42076,0.0,211,9,0,53.1,0,58,3,86,66,59,0,0,32,https://github.com/tensorflow/mesh.git
9.6,2907,0,1.0,74,0.0,549,197,123,26612,6664,8,9048,0.0,4819,11,66455,55,0,0,3.0,0.2,21.7,6,5.0,7328,514,549,0,221,1993650,1.0,0,18388,0,316,0,421,28161,26612,0,94483,0.0,538,6,0,21.1,13,19,0,198,210,130,0,0,8,https://github.com/tensorflow/model-analysis.git
8.5,19115,0,1.0,613,0.0,4258,1004,344,203485,41447,349,50701,0.0,31060,142,374614,906,0,0,5.0,0.3,28.0,221,5.0,35307,2723,4258,17,2544,11238420,1.0,0,145409,0,2565,0,3274,216513,203485,0,597374,0.0,4116,221,0,16.2,616,1024,8,1033,2358,685,0,0,909,https://github.com/tensorflow/models.git
6.1,714,0,1.0,27,0.0,260,80,30,7821,1643,42,1662,0.0,1256,8,15859,40,0,0,3.0,0.3,32.9,10,5.0,1271,85,260,0,108,475770,1.0,0,7763,0,116,0,118,8684,7821,0,27213,0.0,252,10,0,14.2,16,69,2,81,95,70,0,0,63,https://github.com/tensorflow/quantum.git
6.7,1466,0,1.0,29,0.0,206,33,35,11987,2254,0,2524,0.0,693,62,22200,200,0,0,4.0,0.1,32.2,11,5.0,1122,134,206,1,137,666000,1.0,0,10532,0,82,0,278,12829,11987,0,37459,0.0,144,11,0,27.5,22,55,0,26,83,35,0,0,1,https://github.com/tensorflow/ranking.git
7.5,1379,0,1.0,50,0.0,560,168,69,14794,4358,33,2727,0.0,5368,69,22467,436,0,0,5.0,0.8,25.7,9,5.0,5951,173,560,4,286,674010,1.0,0,7790,0,165,0,194,15033,14794,0,36216,0.0,491,9,0,26.4,17,91,5,168,226,97,0,0,31,https://github.com/tensorforce/tensorforce.git
29.5,444,0,1.0,22,0.0,280,128,5,5512,1198,57,3648,0.0,1957,5,8689,36,0,0,3.0,0.8,21.5,7,5.0,1497,139,280,0,90,260670,1.0,0,2382,0,74,0,69,5757,5512,0,12380,0.0,275,7,0,16.2,2,11,0,128,85,62,0,0,6,https://github.com/tensorlayer/RLzoo.git
13.7,2049,0,1.0,87,0.0,1602,288,41,23533,4977,460,7630,0.0,9899,18,29886,134,0,0,5.0,1.1,37.0,61,5.0,5581,344,1602,9,804,896580,1.0,0,17582,0,256,0,316,24316,23533,0,55665,0.0,1584,61,0,19.5,109,146,0,295,781,501,0,0,134,https://github.com/tensorlayer/tensorlayer.git
1.0,2315,0,1.0,15,0.0,620,109,56,20461,5006,172,403,0.0,2949,12,25283,90,0,0,5.0,0.4,28.8,25,5.0,4506,20,620,6,277,758490,1.0,0,10220,0,241,0,464,21565,20461,0,41743,0.0,608,25,0,21.4,89,27,0,118,267,223,0,0,19,https://github.com/tensorpack/tensorpack.git
8.1,1670,0,1.0,31,0.0,1375,54,9,16876,3327,962,3231,0.0,4415,19,25050,104,0,0,4.0,0.6,27.6,8,5.0,3038,133,1375,1,349,751500,1.0,0,9567,0,115,0,207,17474,16876,0,39665,0.0,1356,8,0,28.9,9,86,0,46,339,971,0,0,76,https://github.com/tensorwerk/hangar-py.git
1.1,3738,0,1.0,18,0.0,440,141,0,36030,11972,116,1214,0.0,3810,23,45864,149,0,0,4.0,0.3,52.9,113,5.0,12690,32,440,4,179,1375920,1.0,0,51425,0,1310,0,299,39484,36030,0,112845,0.0,417,113,0,9.1,7,29,0,153,148,116,0,0,8,https://github.com/TheAlgorithms/Python.git
12.0,2712,0,1.0,105,0.0,793,114,13,27480,5701,258,5690,0.0,4546,28,34779,172,0,0,5.0,0.4,11.8,53,5.0,5129,214,793,3,405,1043370,1.0,0,4647,0,396,0,561,27831,27480,0,47385,0.0,765,53,0,14.4,12,87,3,123,376,266,0,0,65,https://github.com/THUDM/cogdl.git
4.2,224,0,1.0,5,0.0,228,43,0,4226,717,76,274,0.0,1257,7,4721,75,0,0,5.0,0.9,13.8,14,5.0,975,10,228,4,105,141630,1.0,0,754,0,30,0,36,4259,4226,0,6549,0.0,221,14,0,23.9,8,4,0,47,100,74,0,0,1,https://github.com/Tianxiaomo/pytorch-YOLOv4.git
3.8,660,0,1.0,10,0.0,211,19,38,7525,1539,80,623,0.0,718,8,11287,33,0,0,3.0,0.2,17.7,3,5.0,1303,21,211,0,74,338610,1.0,0,2424,0,150,0,145,7758,7525,0,16255,0.0,203,3,0,10.3,1,8,0,20,65,118,0,0,0,https://github.com/tianzhi0549/FCOS.git
34.6,162,0,1.0,17,0.0,108,17,2,2371,459,50,1833,100.0,696,2,4127,15,0,0,5.0,0.6,8.9,0,1.0,564,60,108,2,37,123810,1.0,0,403,0,44,0,83,2404,2371,0,5299,0.0,106,0,0,10.4,2,0,0,17,39,50,0,0,0,https://github.com/Tiiiger/QPyTorch.git
0.0,72,0,1.0,0,0.0,24,10,0,1178,214,6,0,100.0,213,0,1464,0,0,0,1.0,0.5,19.8,0,1.0,213,0,24,0,8,43920,1.0,0,362,0,10,0,13,1202,1178,0,2203,0.0,24,0,0,21.4,2,0,0,12,6,6,0,0,0,https://github.com/timesler/facenet-pytorch.git
13.2,13,0,1.0,4,0.0,22,17,0,668,59,1,205,100.0,121,1,695,5,0,0,3.0,0.6,27.4,0,1.0,105,4,22,0,4,20850,1.0,0,262,0,8,0,0,668,668,0,1551,0.0,21,0,0,7.4,2,1,0,19,1,1,0,0,0,https://github.com/tobybreckon/fire-detection-cnn.git
1.0,374,0,1.0,2,0.0,18,5,0,2363,557,8,38,0.0,81,5,2794,40,0,0,5.0,0.1,4.8,9,5.0,287,2,18,5,0,83820,1.0,0,142,0,44,0,80,2386,2363,0,3796,0.0,13,9,0,12.7,5,0,0,5,0,8,0,0,0,https://github.com/tofunlp/lineflow.git
4.4,223,0,1.0,8,0.0,98,49,7,2077,535,5,321,0.0,1078,0,4164,0,0,0,1.0,0.9,36.6,2,5.0,558,14,98,0,37,124920,1.0,0,2405,0,49,0,60,2236,2077,0,7241,0.0,98,2,0,10.9,0,0,0,49,37,12,0,0,0,https://github.com/torchgan/torchgan.git
5.4,152,0,1.0,3,0.0,28,11,0,1321,280,7,134,100.0,119,4,1710,20,0,0,3.0,0.2,16.0,0,1.0,165,6,28,0,10,51300,1.0,0,326,0,37,0,26,1339,1321,0,2491,0.0,24,0,0,7.6,0,10,0,11,6,7,0,0,6,https://github.com/tristandeleu/pytorch-maml-rl.git
12.2,476,0,1.0,22,0.0,82,13,1,4805,1118,9,1315,0.0,431,9,6339,55,0,0,5.0,0.2,29.6,7,5.0,947,80,82,1,58,190170,1.0,0,2667,0,95,0,98,4886,4805,0,10784,0.0,73,7,0,11.8,3,42,0,15,48,10,0,0,33,https://github.com/tristandeleu/pytorch-meta.git
2.1,556,0,1.0,9,0.0,399,31,5,6804,1408,283,453,0.0,1329,10,9353,81,0,0,5.0,0.5,52.1,3,5.0,1518,21,399,4,76,280590,1.0,0,10166,0,98,0,50,7157,6804,0,21764,0.0,389,3,0,14.4,4,58,0,31,70,288,0,0,52,https://github.com/tslearn-team/tslearn.git
12.0,434,0,1.0,10,0.0,595,37,1,5495,1189,402,1993,0.0,2928,2,9941,8,0,0,3.0,1.0,30.9,1,5.0,1249,91,595,0,155,298230,1.0,0,4438,0,72,0,56,5819,5495,0,16578,0.0,593,1,0,16.5,7,64,0,40,150,403,0,0,61,https://github.com/uber/causalml.git
3.9,5649,0,1.0,60,0.0,1337,306,296,46941,11824,215,5362,0.0,8720,63,96085,337,0,0,5.0,0.3,17.4,60,5.0,9862,295,1337,12,508,2882550,1.0,0,20203,0,651,0,1114,48664,46941,0,138744,0.0,1274,60,0,18.2,10,95,7,315,468,498,0,0,51,https://github.com/uber/ludwig.git
14.8,509,5,1.0,69,0.0,128,55,1,11032,2286,21,3872,0.0,1037,10,16232,58,0,0,3.0,0.2,26.0,71,5.0,3028,258,128,0,51,486960,4.0,0,5702,0,201,0,92,11316,11032,0,26226,0.0,117,71,1,11.4,2,22,4,56,43,18,1,0,16,https://github.com/UKPLab/sentence-transformers.git
0.0,67,0,1.0,0,0.0,100,18,0,1296,268,41,0,0.0,558,1,1940,10,0,0,4.0,1.0,26.8,13,5.0,398,0,100,0,41,58200,1.0,0,710,0,11,0,8,1369,1296,0,2993,0.0,99,13,0,24.4,3,4,0,19,39,41,0,0,4,https://github.com/ultralytics/xview-yolov3.git
10.1,610,0,1.0,16,0.0,280,63,3,8862,2554,50,1660,0.0,3040,7,11363,45,0,0,5.0,0.9,31.4,43,5.0,3536,80,280,3,161,340890,1.0,0,5191,0,51,0,101,9488,8862,0,16386,0.0,273,43,0,50.1,4,18,2,64,158,51,0,0,5,https://github.com/ultralytics/yolov5.git
0.3,241,0,1.0,2,0.0,28,8,0,1554,472,0,25,100.0,286,0,5774,0,0,0,1.0,0.2,21.2,0,1.0,373,2,28,0,20,173220,1.0,0,1550,0,84,0,17,1875,1554,0,8181,0.0,28,0,0,5.6,0,0,0,8,20,0,0,0,0,https://github.com/urduhack/urduhack.git
2.6,6052,460,1.0,28,0.0,3817,859,310,56920,13599,704,2408,0.0,20716,248,63403,1602,0,0,5.0,1.1,19.9,28,5.0,15103,61,3817,19,1925,1902090,4.0,0,15746,0,427,0,612,57838,56920,0,92034,0.0,3523,28,46,31.8,40,248,22,800,1738,985,46,0,58,https://github.com/vaexio/vaex.git
3.7,28,0,1.0,2,0.0,41,1,0,548,85,29,38,0.0,126,0,693,0,0,0,1.0,0.6,14.9,3,5.0,99,2,41,0,11,20790,1.0,0,121,0,14,0,10,557,548,0,1034,0.0,41,3,0,6.1,0,4,0,1,11,29,0,0,4,https://github.com/VainF/pytorch-msssim.git
2.9,275,0,1.0,2,0.0,95,34,7,2332,556,41,128,0.0,664,1,2650,5,0,0,3.0,0.8,30.9,2,5.0,552,4,95,0,13,79500,1.0,0,1187,0,57,0,70,2487,2332,0,4448,0.0,94,2,0,9.8,0,1,0,34,12,48,0,0,0,https://github.com/videoflow/videoflow.git
9.3,317,0,1.0,4,0.0,130,40,2,5555,1183,19,939,0.0,830,1,6963,5,0,0,3.0,0.4,18.8,6,5.0,1523,12,130,0,69,208890,1.0,0,1617,0,46,0,36,5755,5555,0,10106,0.0,129,6,0,25.7,0,8,0,40,68,21,0,0,7,https://github.com/vita-epfl/monoloco.git
9.8,1116,0,1.0,34,0.0,272,67,20,13127,3201,45,2684,0.0,1855,34,20537,164,0,0,5.0,0.3,14.0,32,5.0,3156,79,272,2,138,616110,1.0,0,3350,0,194,0,238,13424,13127,0,27520,0.0,238,32,0,16.5,1,32,1,68,107,64,0,0,1,https://github.com/vita-epfl/openpifpaf.git
3.3,11223,30,1.0,118,0.0,3616,1074,557,97496,25275,532,9251,0.0,23730,156,212040,912,0,0,5.0,0.4,14.3,256,5.0,23552,262,3616,12,1441,6361200,2.0,0,35333,0,1307,0,1930,100720,97496,0,281876,0.0,3459,256,1,19.3,26,304,3,1069,1305,1085,0,0,170,https://github.com/wandb/client.git
1.5,349,0,1.0,4,0.0,67,38,0,2809,726,10,84,0.0,839,1,4480,5,0,0,3.0,0.6,4.0,4,5.0,790,4,67,0,19,134400,1.0,0,185,0,49,0,52,2809,2809,0,5534,0.0,66,4,0,14.8,0,9,0,39,17,10,0,0,8,https://github.com/wikipedia2vec/wikipedia2vec.git
15.9,516,0,1.0,27,0.0,271,37,1,6035,1154,117,1558,0.0,1211,8,6963,49,0,0,5.0,0.6,17.7,1,5.0,1274,120,271,9,107,208890,1.0,0,1502,0,57,0,63,6145,6035,0,9772,0.0,263,1,0,20.2,36,27,0,47,98,118,0,0,21,https://github.com/wubinzzu/NeuRec.git
12.7,21754,0,1.0,271,0.0,3066,279,261,169388,35470,1475,56789,0.0,13293,276,262176,1512,0,0,5.0,0.2,29.5,4,5.0,20229,3857,3066,8,1043,7865280,1.0,0,109851,0,867,0,2434,186609,169388,0,446918,0.0,2790,4,0,40.9,42,565,24,279,796,1712,0,0,333,https://github.com/XanaduAI/pennylane.git
2.3,2566,0,1.0,22,0.0,1155,95,37,23931,4962,618,1456,100.0,4877,44,32166,217,0,0,4.0,0.5,38.3,0,1.0,3919,65,1155,1,404,964980,1.0,0,19927,0,185,0,382,26590,23931,0,62368,0.0,1111,0,0,26.8,25,275,1,105,352,654,0,0,233,https://github.com/XanaduAI/strawberryfields.git
40.5,40,0,1.0,25,0.0,123,3,0,1697,114,11,1189,0.0,573,9,1939,45,0,0,3.0,1.0,24.2,7,5.0,108,50,123,0,109,58170,1.0,0,620,0,82,0,0,1697,1697,0,2937,0.0,114,7,0,1.4,0,16,0,11,92,11,0,0,4,https://github.com/xiaomiwujiecao/DataAnalysisInAction.git
2.7,3085,0,1.0,21,0.0,612,250,53,26479,7042,110,1558,0.0,4901,47,38809,253,0,0,5.0,0.4,21.6,18,5.0,6762,72,612,12,187,1164270,1.0,0,10710,0,388,0,822,27164,26479,0,58270,0.0,565,18,0,18.1,13,38,2,251,155,159,0,0,5,https://github.com/Xilinx/brevitas.git
18.4,340,0,1.0,15,0.0,156,25,5,4108,926,41,1489,0.0,1817,2,5254,10,0,0,3.0,1.2,22.2,20,5.0,1200,54,156,0,85,157620,1.0,0,1499,0,44,0,50,4252,4108,0,8093,0.0,154,20,0,21.0,4,3,0,25,85,44,0,0,1,https://github.com/yahoo/TensorFlowOnSpark.git
27.3,512,0,1.0,39,0.0,385,34,3,6408,1375,135,3588,0.0,1904,3,8169,90,0,0,4.0,0.8,25.4,25,5.0,1441,98,385,2,211,245070,1.0,0,2776,0,113,0,41,6716,6408,0,13153,0.0,382,25,0,12.2,5,3,0,33,219,130,0,0,3,https://github.com/yongzhuo/nlp_xiaojiang.git
20.3,426,0,1.0,21,0.0,157,37,5,4133,807,42,2802,100.0,1199,8,9892,39,0,0,5.0,0.4,17.0,0,1.0,586,111,157,1,72,296760,1.0,0,2027,0,77,0,111,4203,4133,0,13802,0.0,149,0,0,10.5,1,12,1,41,62,46,0,0,2,https://github.com/zalandoresearch/pytorch-ts.git
6.6,462,0,1.0,17,0.0,236,38,1,5410,1161,83,691,0.0,1303,23,6910,109,0,0,5.0,0.6,23.5,38,5.0,1188,33,236,22,92,207300,1.0,0,2118,0,88,0,105,5560,5410,0,10423,0.0,213,38,0,13.2,21,7,0,39,90,84,0,0,5,https://github.com/zhanghang1989/PyTorch-Encoding.git
0.0,53,0,1.0,0,0.0,2,1,0,287,91,1,0,100.0,11,0,402,0,0,0,1.0,0.1,2.7,0,1.0,64,0,2,0,0,12060,1.0,0,11,0,16,0,4,287,287,0,529,0.0,2,0,0,5.7,0,0,0,1,0,1,0,0,0,https://github.com/zhijian-liu/torchprofile.git
0.4,2104,60,1.0,4,0.0,127,31,30,11598,3139,15,82,0.0,479,6,13937,30,0,0,4.0,0.1,19.4,12,5.0,1485,4,127,2,49,418110,5.0,0,3364,0,291,0,369,12225,11598,0,22557,0.0,117,12,4,10.8,7,5,1,24,49,44,4,0,5,https://github.com/zyfra/ebonite.git
11.4,218,0,1.0,4,0.0,113,5,2,1780,357,68,358,0.0,375,0,2273,0,0,0,1.0,0.5,12.0,8,5.0,230,13,113,0,38,68190,1.0,0,310,0,27,0,57,1793,1780,0,3152,0.0,113,8,0,13.2,0,2,0,5,42,66,0,0,2,https://github.com/TAMU-VITA/DeblurGANv2.git
12.2,1072,0,1.0,43,0.0,467,90,17,12837,2845,84,3361,0.0,2657,79,17434,175,0,0,5.0,0.5,26.4,10,5.0,3095,151,467,69,207,523020,1.0,0,6241,0,265,0,167,13375,12837,0,27635,0.0,388,10,0,10.7,70,41,0,91,196,101,0,0,31,https://github.com/MegviiDetection/video_analyst.git
7.3,137,0,1.0,2,0.0,75,6,0,1456,344,60,158,0.0,242,1,1621,5,0,0,5.0,0.5,10.8,8,5.0,366,6,75,1,8,48630,1.0,0,197,0,23,0,24,1458,1456,0,2174,0.0,74,8,0,15.0,1,0,0,6,13,55,0,0,0,https://github.com/Ha0Tang/GestureGAN.git
0.0,70,0,1.0,0,0.0,44,5,0,763,141,4,0,100.0,219,0,938,0,0,0,1.0,0.8,34.7,0,1.0,99,0,44,0,35,28140,1.0,0,499,0,14,0,10,796,763,0,1849,0.0,44,0,0,10.1,9,19,0,5,35,4,0,0,19,https://github.com/jakeret/tf_unet.git
17.8,1305,0,1.0,52,0.0,666,98,34,11291,2292,382,5207,100.0,2685,3,14484,12,0,0,5.0,0.6,42.1,0,1.0,1429,1326,666,1,151,434520,1.0,0,10522,0,163,0,130,11725,11291,0,29235,0.0,663,0,0,14.1,14,35,0,110,139,415,0,0,33,https://github.com/yzhao062/pyod.git
3.6,217,0,1.0,6,0.0,123,24,0,3136,580,45,198,0.0,598,1,3527,5,0,0,3.0,0.6,25.8,1,5.0,674,8,123,0,54,105810,1.0,0,1224,0,52,0,38,3211,3136,0,5531,0.0,122,1,0,11.2,1,1,0,25,52,45,0,0,0,https://github.com/ZQPei/deep_sort_pytorch.git
2.2,3772,0,1.0,19,0.0,2171,310,53,33949,7545,1186,2003,0.0,10251,58,55332,412,0,0,5.0,0.6,27.5,3,5.0,5986,99,2171,6,616,1659960,1.0,0,21024,0,210,0,766,35130,33949,0,89675,0.0,2113,3,0,35.9,11,406,3,348,532,1233,0,0,356,https://github.com/pymc-devs/pymc3.git
11.2,1341,0,1.0,44,0.0,296,36,39,10345,2575,128,2582,0.0,1263,2,14504,12,0,0,3.0,0.3,24.6,1,5.0,1958,109,296,1,92,435120,1.0,0,4730,0,184,0,136,10830,10345,0,23079,0.0,294,1,0,14.0,7,25,0,39,88,167,0,0,23,https://github.com/lululxvi/deepxde.git
4.8,1764,0,1.0,49,0.0,386,62,15,17024,3649,40,2308,0.0,2231,31,29035,175,0,0,5.0,0.3,29.2,23,5.0,2886,119,386,1,268,871050,1.0,0,11989,0,248,0,241,18196,17024,0,47870,0.0,355,23,0,14.7,76,144,0,68,227,55,0,0,117,https://github.com/tensorflow/privacy.git
8.0,939,0,1.0,25,0.0,892,127,3,12563,2969,531,2025,100.0,4082,9,19802,77,0,0,5.0,0.7,7.7,0,1.0,3542,84,892,2,229,594060,1.0,0,1650,0,184,0,174,12680,12563,0,25230,0.0,883,0,0,16.1,3,123,1,130,220,533,0,0,113,https://github.com/mljar/mljar-supervised.git
72.2,1507,0,1.0,128,0.0,1198,208,71,23189,5073,336,27158,0.0,7772,31,27347,197,0,0,5.0,0.9,12.2,15,5.0,7450,1954,1198,5,578,820410,1.0,0,3799,0,211,0,367,23475,23189,0,37641,0.0,1167,15,0,24.0,71,44,18,274,504,389,0,0,36,https://github.com/loujie0822/DeepIE.git
30.9,310,0,1.0,28,0.0,189,56,0,4537,774,76,2459,0.0,1055,4,5580,15,0,0,3.0,0.6,9.5,20,5.0,827,229,189,0,57,167400,1.0,0,589,0,45,0,55,4547,4537,0,7957,0.0,185,20,0,17.2,0,10,0,56,53,76,0,0,6,https://github.com/podgorskiy/ALAE.git
5.8,65,0,1.0,4,0.0,12,1,2,1127,174,5,120,100.0,41,0,1301,0,0,0,1.0,0.1,21.8,0,1.0,165,6,12,0,4,39030,1.0,0,363,0,21,0,18,1148,1127,0,2063,0.0,12,0,0,8.3,0,0,0,1,4,7,0,0,0,https://github.com/yunjey/pytorch-tutorial.git
6.0,99,0,1.0,2,0.0,91,7,4,985,237,30,104,100.0,474,2,1247,25,0,0,5.0,1.3,11.1,0,1.0,253,5,91,1,49,37410,1.0,0,156,0,21,0,7,986,985,0,1732,0.0,89,0,0,11.3,1,1,0,7,48,34,0,0,0,https://github.com/Lyken17/pytorch-OpCounter.git
0.0,52,0,1.0,0,0.0,17,1,1,535,118,8,0,0.0,60,0,557,0,0,0,1.0,0.4,22.9,1,5.0,127,0,17,0,7,16710,1.0,0,165,0,6,0,6,535,535,0,748,0.0,17,1,0,19.7,0,6,0,1,7,9,0,0,6,https://github.com/Kaixhin/Rainbow.git
3.2,1540,0,1.0,29,0.0,364,76,19,17578,3718,32,1585,0.0,2510,13,31598,78,0,0,5.0,0.3,27.7,13,5.0,3351,87,364,1,236,947940,1.0,0,12114,0,225,0,199,18515,17578,0,49261,0.0,351,13,0,16.5,18,133,0,93,210,48,0,0,120,https://github.com/YosefLab/scVI.git
4.5,311,0,1.0,9,0.0,191,39,0,4682,963,56,333,0.0,1104,4,5312,40,0,0,5.0,0.7,4.3,5,5.0,1230,19,191,4,92,159360,1.0,0,236,0,55,0,55,4701,4682,0,7349,0.0,187,5,0,17.5,6,24,0,41,91,55,0,0,24,https://github.com/hrpan/tetris_mcts.git
2.4,2100,0,1.0,32,0.0,347,56,26,16490,3931,74,1426,0.0,2098,14,35970,98,0,0,3.0,0.2,33.6,6,5.0,3140,67,347,0,191,1079100,1.0,0,18171,0,241,0,333,17094,16490,0,60278,0.0,333,6,0,16.3,1,17,1,57,177,99,0,0,4,https://github.com/pytorch/captum.git
0.8,539,0,1.0,2,0.0,84,25,1,4964,1125,51,78,0.0,291,2,6035,10,0,0,3.0,0.2,23.6,40,5.0,1089,4,84,0,7,181050,1.0,0,1867,0,45,0,40,5135,4964,0,9683,0.0,82,40,0,25.0,0,4,0,25,5,52,0,0,2,https://github.com/NVISO-BE/ee-outliers.git
15.1,3822,10,1.0,145,0.0,730,280,15,23751,6960,237,11977,0.0,5188,19,46033,145,0,0,4.0,0.4,32.4,40,5.0,4848,694,730,0,198,1380990,4.0,0,22099,0,391,0,511,26951,23751,0,79306,0.0,709,40,2,17.8,8,13,2,270,193,246,2,0,3,https://github.com/kubeflow/kfserving.git
55.3,352,0,1.0,35,0.0,140,8,3,7933,1327,18,8128,0.0,667,0,11709,0,0,0,1.0,0.2,8.5,16,5.0,2646,806,140,0,111,351270,1.0,0,1086,0,72,0,108,7966,7933,0,14695,0.0,140,16,0,18.4,0,23,0,8,111,21,0,0,23,https://github.com/vwxyzjn/cleanrl.git
11.7,603,0,1.0,16,0.0,285,63,3,8669,2491,49,1858,0.0,2977,7,11084,45,0,0,5.0,0.9,31.4,40,5.0,3424,83,285,3,167,332520,1.0,0,5070,0,51,0,100,9280,8669,0,15888,0.0,278,40,0,48.8,4,17,2,64,164,50,0,0,4,https://github.com/ultralytics/yolov3.git
24.5,179,0,1.0,10,0.0,48,3,0,1929,358,21,1191,0.0,190,0,2634,0,0,0,1.0,0.2,32.9,18,5.0,268,17,48,0,24,79020,1.0,0,1290,0,28,0,57,2040,1929,0,4853,0.0,48,18,0,12.8,0,4,0,3,24,21,0,0,4,https://github.com/numenta/nupic.torch.git
0.3,482,0,1.0,1,0.0,177,21,14,3896,968,43,22,0.0,1039,5,5254,25,0,0,5.0,0.7,26.2,43,5.0,693,2,177,3,96,157620,1.0,0,1861,0,52,0,136,4062,3896,0,8593,0.0,172,43,0,18.6,5,13,0,19,96,57,0,0,13,https://github.com/sshuair/torchsat.git
26.3,148,0,1.0,35,0.0,497,113,2,6860,978,141,3219,0.0,2412,31,9084,165,0,0,5.0,0.9,13.1,3,5.0,1671,129,497,5,236,272520,1.0,0,1373,0,143,0,8,6906,6860,0,12257,0.0,466,3,0,6.9,73,53,5,177,151,138,0,0,30,https://github.com/LPDI-EPFL/masif.git
9.0,504,0,1.0,13,0.0,597,62,34,8916,1810,86,2252,0.0,3461,2,14079,10,0,0,2.0,0.8,32.4,3,5.0,2414,113,597,0,415,422370,1.0,0,6747,0,94,0,103,9215,8916,0,24896,0.0,595,3,0,19.3,13,296,2,74,403,118,0,0,296,https://github.com/vanvalenlab/deepcell-tf.git
1.4,1215,0,1.0,6,0.0,1115,75,71,13889,3342,610,543,0.0,4850,13,21082,80,0,0,4.0,0.8,39.5,7,5.0,3763,30,1115,0,359,632460,1.0,0,13736,0,142,0,131,14864,13889,0,39898,0.0,1102,7,0,23.5,44,188,0,96,325,681,0,0,179,https://github.com/SeldonIO/alibi.git
4.3,453,0,1.0,11,0.0,93,10,1,5733,1085,27,486,0.0,487,0,7618,0,0,0,1.0,0.2,18.1,16,5.0,1019,20,93,0,55,228540,1.0,0,1688,0,91,0,109,5847,5733,0,11276,0.0,93,16,0,11.9,1,1,0,11,54,28,0,0,1,https://github.com/pytorch/examples.git
36.8,938,0,1.0,43,0.0,1119,255,18,18745,4164,452,11783,0.0,6756,37,22322,365,0,0,5.0,1.0,14.4,72,5.0,6309,177,1119,15,379,669660,1.0,0,3748,0,99,0,221,18926,18745,0,32001,0.0,1082,72,0,42.1,23,47,3,249,373,460,0,0,34,https://github.com/santi-pdp/pase.git
0.8,111,0,1.0,1,0.0,114,3,0,1239,282,93,22,0.0,305,1,1766,10,0,0,3.0,0.6,25.2,1,5.0,245,2,114,0,18,52980,1.0,0,596,0,25,0,11,1288,1239,0,2760,0.0,113,1,0,11.3,1,13,0,4,16,93,0,0,12,https://github.com/iskandr/fancyimpute.git
11.2,478,0,1.0,13,0.0,111,52,1,5653,1503,12,1342,0.0,1165,5,7467,30,0,0,3.0,0.5,29.0,2,5.0,1814,53,111,1,45,224010,1.0,0,3051,0,26,0,107,5917,5653,0,12006,0.0,106,2,0,57.8,0,10,0,53,40,13,0,0,5,https://github.com/jessevig/bertviz.git
2.8,165,0,1.0,4,0.0,32,7,0,1863,389,16,167,0.0,148,3,3136,21,0,0,5.0,0.2,37.5,8,5.0,377,12,32,1,8,94080,1.0,0,1884,0,39,0,53,1995,1863,0,5983,0.0,29,8,0,10.0,3,2,0,9,4,16,0,0,0,https://github.com/kdexd/virtex.git
30.4,365,0,1.0,16,0.0,185,60,0,5080,1242,40,3592,0.0,1709,1,8404,3,0,0,3.0,0.7,15.5,4,5.0,1724,48,185,0,85,252120,1.0,0,1547,0,41,0,88,5230,5080,0,11808,0.0,184,4,0,30.3,0,1,0,60,84,40,0,0,0,https://github.com/kaushaltrivedi/fast-bert.git
31.6,137,0,1.0,16,0.0,120,51,0,2473,549,26,1372,0.0,1052,17,3165,34,0,0,5.0,1.1,21.0,1,5.0,777,55,120,14,29,94950,1.0,0,843,0,42,0,31,2554,2473,0,4342,0.0,103,1,0,13.1,15,2,1,50,28,25,0,0,1,https://github.com/thunlp/OpenNRE.git
27.7,1819,0,1.0,90,0.0,962,276,37,22419,5279,378,13291,0.0,7127,10,33097,94,0,0,5.0,0.7,18.3,20,5.0,6518,280,962,5,266,992910,1.0,0,7395,0,262,0,252,23163,22419,0,47953,0.0,952,20,0,20.1,14,25,0,277,294,381,0,0,21,https://github.com/mlperf/inference.git
1.3,192,0,1.0,3,0.0,196,25,25,3316,627,49,93,0.0,1047,2,4026,10,0,0,3.0,0.9,35.7,19,5.0,842,6,196,0,97,120780,1.0,0,2232,0,16,0,22,3454,3316,0,7057,0.0,194,19,0,39.2,30,16,0,51,69,74,0,0,14,https://github.com/natethegreate/hent-AI.git
43.9,79,0,1.0,8,0.0,54,6,0,1240,237,31,779,0.0,275,1,1393,10,0,0,5.0,0.7,10.2,10,5.0,277,26,54,1,16,41790,1.0,0,158,0,12,0,12,1247,1240,0,1773,0.0,53,10,0,19.8,1,0,0,6,16,31,0,0,0,https://github.com/Open-Debin/Emotion-FAN.git
10.0,262,0,1.0,8,0.0,309,17,0,3754,717,223,708,100.0,1145,13,4618,95,0,0,5.0,0.8,24.2,0,1.0,847,37,309,2,67,138540,1.0,0,1471,0,37,0,26,3858,3754,0,7048,0.0,296,0,0,19.4,2,34,3,17,59,220,0,0,26,https://github.com/fbcotter/pytorch_wavelets.git
18.3,1685,0,1.0,81,0.0,591,127,144,19026,3708,157,7947,0.0,2564,17,32908,79,0,0,4.0,0.3,15.7,4,5.0,3099,784,591,0,163,987240,1.0,0,6145,0,243,0,379,19606,19026,0,43471,0.0,574,4,0,15.4,7,70,3,132,144,298,0,0,57,https://github.com/thu-ml/tianshou.git
8.4,514,0,1.0,15,0.0,520,114,3,8549,2104,218,1446,0.0,3477,23,11536,145,0,0,5.0,1.0,19.3,3,5.0,3385,75,520,3,182,346080,1.0,0,2754,0,62,0,75,8764,8549,0,17133,0.0,497,3,0,33.9,20,23,0,119,160,218,0,0,4,https://github.com/kermitt2/delft.git
0.0,210,0,1.0,0,0.0,209,49,0,2001,477,97,0,100.0,846,4,2793,20,0,0,3.0,1.0,14.0,0,1.0,483,0,209,4,59,83790,1.0,0,456,0,29,0,20,2074,2001,0,3806,0.0,205,0,0,16.4,0,27,1,53,56,96,0,0,24,https://github.com/idealo/image-super-resolution.git
5.6,95,0,1.0,2,0.0,105,14,4,1533,238,20,148,0.0,757,0,1630,0,0,0,1.0,1.5,25.0,1,5.0,280,2,105,0,67,48900,1.0,0,543,0,30,0,10,1581,1533,0,2647,0.0,105,1,0,7.9,1,2,0,15,66,24,0,0,2,https://github.com/sergionr2/RacingRobot.git
31.5,47407,50,1.0,1519,0.0,12021,4576,679,524327,135411,2561,431562,0.0,102265,361,928746,2192,0,0,5.0,0.4,20.7,256,5.0,138616,35010,12021,38,4167,27862380,4.0,0,242550,0,2971,0,11998,537722,524327,0,1371184,0.0,11655,256,5,45.6,202,626,67,4623,3864,3165,5,0,355,https://github.com/huggingface/transformers.git
1.2,400,0,1.0,2,0.0,84,16,3,3727,826,34,84,0.0,532,3,4801,35,0,0,5.0,0.4,19.5,3,5.0,652,4,84,2,29,144030,1.0,0,1160,0,34,0,117,3821,3727,0,7240,0.0,81,3,0,24.3,1,5,0,17,27,37,0,0,3,https://github.com/songlab-cal/tape.git
1.0,118,0,1.0,1,0.0,54,0,1,1109,252,30,42,0.0,279,0,2084,0,0,0,1.0,0.4,42.2,2,5.0,173,2,54,0,23,62520,1.0,0,1520,0,15,0,18,1190,1109,0,4077,0.0,54,2,0,16.8,0,3,0,0,23,31,0,0,3,https://github.com/keunwoochoi/kapre.git
16.8,149,0,1.0,8,0.0,23,8,3,1801,434,7,731,0.0,170,0,2615,0,0,0,1.0,0.2,31.3,7,5.0,437,17,23,0,5,78450,1.0,0,1191,0,17,0,24,1932,1801,0,4345,0.0,23,7,0,25.5,0,0,0,8,5,10,0,0,0,https://github.com/lukemelas/EfficientNet-PyTorch.git
2.7,778,0,1.0,15,0.0,488,55,24,9571,1744,251,572,100.0,1922,25,12880,166,0,0,5.0,0.5,28.0,0,1.0,1664,26,488,6,152,386400,1.0,0,5020,0,162,0,82,10021,9571,0,21113,0.0,463,0,0,10.8,7,40,0,55,135,273,0,0,21,https://github.com/facebookresearch/pyrobot.git
0.3,268,0,1.0,2,0.0,82,25,4,3432,733,29,25,0.0,482,6,4641,36,0,0,5.0,0.3,41.8,1,5.0,906,2,82,2,22,139230,1.0,0,3328,0,17,0,38,3649,3432,0,8892,0.0,76,1,0,43.1,4,7,1,26,18,32,0,0,4,https://github.com/michaelhush/M-LOOP.git
0.0,221,0,1.0,0,0.0,43,5,5,1715,476,5,0,0.0,192,2,2348,15,0,0,5.0,0.3,8.1,2,5.0,352,0,43,2,26,70440,1.0,0,208,0,19,0,36,1723,1715,0,3005,0.0,41,2,0,25.1,7,0,0,5,25,10,0,0,0,https://github.com/tech-srl/code2vec.git
12.4,518,0,1.0,24,0.0,372,43,16,7422,1356,137,1436,0.0,1976,13,8455,80,0,0,5.0,0.8,19.8,3,5.0,1565,66,372,2,174,253650,1.0,0,2084,0,76,0,83,7496,7422,0,11552,0.0,359,3,0,17.8,45,11,0,54,151,150,0,0,0,https://github.com/tensorlayer/hyperpose.git
19.3,12352,0,1.0,678,0.0,3337,962,0,111166,31192,1011,69858,0.0,21435,227,200182,1285,0,0,5.0,0.4,38.2,40,5.0,28719,4185,3337,23,1341,6005460,1.0,0,123828,0,826,0,2782,120121,111166,0,362178,0.0,3110,40,0,37.8,67,320,0,1027,1076,1005,0,0,107,https://github.com/osmr/imgclsmob.git
41.4,26,0,1.0,2,0.0,6,0,0,341,52,0,408,100.0,30,0,557,0,0,0,1.0,0.2,32.6,0,1.0,36,8,6,0,6,16710,1.0,0,269,0,11,0,4,367,341,0,986,0.0,6,0,0,4.7,6,0,0,0,6,0,0,0,0,https://github.com/AFAgarap/cnn-svm.git
8.6,12183,0,1.0,308,0.0,8468,991,127,138645,28919,4641,27848,0.0,43730,197,193262,1960,0,0,5.0,0.8,27.1,313,5.0,27638,1466,8468,120,2589,5797860,1.0,0,71850,0,1540,0,1604,145593,138645,0,322044,0.0,8271,313,0,18.8,537,494,10,1029,2502,4740,0,0,432,https://github.com/TarrySingh/Artificial-Intelligence-Deep-Learning-Machine-Learning-Tutorials.git
5.7,2027,0,1.0,30,0.0,377,74,41,15194,3343,75,1887,0.0,2062,7,22478,37,0,0,5.0,0.3,16.0,13,5.0,2030,95,377,2,185,674340,1.0,0,4271,0,147,0,210,15688,15194,0,33330,0.0,370,13,0,22.7,17,63,0,74,174,116,0,0,58,https://github.com/tf-encrypted/tf-encrypted.git
9.3,202,0,1.0,11,0.0,56,13,0,2128,570,12,568,0.0,290,2,4894,25,0,0,5.0,0.2,8.4,5,5.0,580,33,56,1,30,146820,1.0,0,448,0,45,0,29,2158,2128,0,6095,0.0,54,5,0,12.7,1,5,1,13,30,11,0,0,5,https://github.com/hanxiao/bert-as-service.git
57.5,262,0,1.0,38,0.0,215,34,1,4553,762,75,5880,0.0,1606,0,5368,0,0,0,1.0,1.0,29.9,3,5.0,878,114,215,0,105,161040,1.0,0,2290,0,58,0,30,4733,4553,0,10234,0.0,215,3,0,13.6,3,18,0,39,100,76,0,0,18,https://github.com/yehengchen/Object-Detection-and-Tracking.git
11.0,94,0,1.0,7,0.0,22,1,1,1173,182,7,236,100.0,85,3,1281,30,0,0,3.0,0.2,24.1,0,1.0,130,10,22,0,13,38430,1.0,0,407,0,25,0,21,1184,1173,0,2149,0.0,19,0,0,7.3,0,3,0,1,10,8,0,0,0,https://github.com/hunkim/PyTorchZeroToAll.git
22.0,642,0,1.0,43,0.0,523,61,0,9553,1484,227,3420,0.0,2340,11,10908,151,0,0,5.0,0.7,10.7,21,5.0,1444,167,523,8,227,327240,1.0,0,1308,0,115,0,112,9612,9553,0,15563,0.0,512,21,0,13.0,66,79,0,61,225,226,0,0,76,https://github.com/OUCMachineLearning/OUCML.git
14.0,559,0,1.0,16,0.0,210,53,7,5799,1327,61,1154,0.0,1264,8,6716,51,0,0,5.0,0.6,5.9,8,5.0,1247,59,210,3,86,201480,1.0,0,420,0,58,0,75,5834,5799,0,8266,0.0,202,8,0,22.9,4,27,0,54,80,68,0,0,22,https://github.com/kakao/buffalo.git
4.2,3020,0,1.0,42,0.0,972,242,78,35682,8742,276,3360,0.0,7854,37,53125,191,0,0,5.0,0.5,21.5,49,5.0,10266,120,972,6,370,1593750,1.0,0,14522,0,414,0,455,37385,35682,0,80672,0.0,935,49,0,21.1,14,40,1,235,356,344,0,0,18,https://github.com/NVIDIA/Megatron-LM.git
